Pokémon;Dex_Number;Type1;Type2;Name_Stream;Base_HP;Base_Atk;Base_Def;Base_SpA;Base_SpD;Base_Spe
Bulbasaur;0001;Grass;Poison;Bulbasaur;45;49;49;65;65;45
Ivysaur;0002;Grass;Poison;Ivysaur;60;62;63;80;80;60
Venusaur;0003;Grass;Poison;Venusaur;80;82;83;100;100;80
Charmander;0004;Fire;Fire;Charmander;39;52;43;60;50;65
Charmeleon;0005;Fire;Fire;Charmeleon;58;64;58;80;65;80
Charizard;0006;Fire;Flying;Charizard;78;84;78;109;85;100
Charizard-Mega-X;0006_01;Fire;Dragon;Charizard-Mega-X;78;130;111;130;85;100
Charizard-Mega-Y;0006_02;Fire;Flying;Charizard-Mega-Y;78;104;78;159;115;100
Squirtle;0007;Water;Water;Squirtle;44;48;65;50;64;43
Wartortle;0008;Water;Water;Wartortle;59;63;80;65;80;58
Blastoise;0009;Water;Water;Blastoise;79;83;100;85;105;78
Caterpie;0010;Bug;Bug;Caterpie;45;30;35;20;20;45
Metapod;0011;Bug;Bug;Metapod;50;20;55;25;25;30
Butterfree;0012;Bug;Flying;Butterfree;60;45;50;90;80;70
Weedle;0013;Bug;Poison;Weedle;40;35;30;20;20;50
Kakuna;0014;Bug;Poison;Kakuna;45;25;50;25;25;35
Beedrill;0015;Bug;Poison;Beedrill;65;90;40;45;80;75
Pidgey;0016;Normal;Flying;Pidgey;40;45;40;35;35;56
Pidgeotto;0017;Normal;Flying;Pidgeotto;63;60;55;50;50;71
Pidgeot;0018;Normal;Flying;Pidgeot;83;80;75;70;70;101
Rattata;0019;Normal;Normal;Rattata;30;56;35;25;35;72
Rattata-Alola;0019_01;Dark;Normal;Rattata-Alola;30;56;35;25;35;72
Raticate;0020;Normal;Normal;Raticate;55;81;60;50;70;97
Raticate-Alola;0020_01;Dark;Normal;Raticate-Alola;75;71;70;40;80;77
Spearow;0021;Normal;Flying;Spearow;40;60;30;31;31;70
Fearow;0022;Normal;Flying;Fearow;65;90;65;61;61;100
Ekans;0023;Poison;Poison;Ekans;35;60;44;40;54;55
Arbok;0024;Poison;Poison;Arbok;60;95;69;65;79;80
Pikachu;0025;Electric;Electric;Pikachu;35;55;40;50;50;90
Raichu;0026;Electric;Electric;Raichu;60;90;55;90;80;110
Raichu-Alola;0026_01;Electric;Psychic;Raichu-Alola;60;85;50;95;85;110
Sandshrew;0027;Ground;Ground;Sandshrew;50;75;85;20;30;40
Sandshrew-Alola;0027_01;Ice;Steel;Sandshrew-Alola;50;75;90;10;35;40
Sandslash;0028;Ground;Ground;Sandslash;75;100;110;45;55;65
Sandslash-Alola;0028_01;Ice;Steel;Sandslash-Alola;75;100;120;25;65;65
Nidoran-M;0029;Poison;Poison;Nidoran-M;55;47;52;40;40;41
Nidorina;0030;Poison;Poison;Nidorina;70;62;67;55;55;56
Nidoqueen;0031;Poison;Ground;Nidoqueen;90;92;87;75;85;76
Nidoran-F;0032;Poison;Poison;Nidoran-F;46;57;40;40;40;50
Nidorino;0033;Poison;Poison;Nidorino;61;72;57;55;55;65
Nidoking;0034;Poison;Ground;Nidoking;81;102;77;85;75;85
Clefairy;0035;Fairy;Fairy;Clefairy;70;45;48;60;65;35
Clefable;0036;Fairy;Fairy;Clefable;95;70;73;95;90;60
Vulpix;0037;Fire;Fire;Vulpix;38;41;40;50;65;65
Vulpix-Alola;0037_01;Ice;Ice;Vulpix-Alola;38;41;40;50;65;65
Ninetales;0038;Fire;Fire;Ninetales;73;76;75;81;100;100
Ninetales-Alola;0038_01;Ice;Fairy;Ninetales-Alola;73;67;75;81;100;109
Jigglypuff;0039;Normal;Fairy;Jigglypuff;115;45;20;45;25;20
Wigglytuff;0040;Normal;Fairy;Wigglytuff;140;70;45;85;50;45
Zubat;0041;Poison;Flying;Zubat;40;45;35;30;40;55
Golbat;0042;Poison;Flying;Golbat;75;80;70;65;75;90
Oddish;0043;Grass;Poison;Oddish;45;50;55;75;65;30
Gloom;0044;Grass;Poison;Gloom;60;65;70;85;75;40
Vileplume;0045;Grass;Poison;Vileplume;75;80;85;110;90;50
Paras;0046;Bug;Grass;Paras;35;70;55;45;55;25
Parasect;0047;Bug;Grass;Parasect;60;95;80;60;80;30
Venonat;0048;Bug;Poison;Venonat;60;55;50;40;55;45
Venomoth;0049;Bug;Poison;Venomoth;70;65;60;90;75;90
Diglett;0050;Ground;Ground;Diglett;10;55;25;35;45;95
Diglett-Alola;0050_01;Ground;Steel;Diglett-Alola;10;55;30;35;45;90
Dugtrio;0051;Ground;Ground;Dugtrio;35;100;50;50;70;120
Dugtrio-Alola;0051_01;Ground;Steel;Dugtrio-Alola;35;100;60;50;70;110
Meowth;0052;Normal;Normal;Meowth;40;45;35;40;40;90
Meowth-Alola;0052_01;Dark;Dark;Meowth-Alola;40;35;35;50;40;90
Meowth-Galar;0052_02;Steel;Steel;Meowth-Galar;50;65;55;40;40;40
Persian;0053;Normal;Normal;Persian;65;70;60;65;65;115
Persian-Alola;0053_01;Dark;Dark;Persian-Alola;65;60;60;75;65;115
Psyduck;0054;Water;Water;Psyduck;50;52;48;65;50;55
Golduck;0055;Water;Water;Golduck;80;82;78;95;80;85
Mankey;0056;Fighting;Fighting;Mankey;40;80;35;35;45;70
Primeape;0057;Fighting;Fighting;Primeape;65;105;60;60;70;95
Growlithe;0058;Fire;Fire;Growlithe;55;70;45;70;50;60
Growlithe-Hisui;0058_01;Fire;Rock;Growlithe-Hisui;60;75;45;65;50;55
Arcanine;0059;Fire;Fire;Arcanine;90;110;80;100;80;95
Arcanine-Hisui;0059_01;Fire;Rock;Arcanine-Hisui;95;115;80;95;80;90
Poliwag;0060;Water;Water;Poliwag;40;50;40;40;40;90
Poliwhirl;0061;Water;Water;Poliwhirl;65;65;65;50;50;90
Poliwrath;0062;Water;Fighting;Poliwrath;90;95;95;70;90;70
Abra;0063;Psychic;Psychic;Abra;25;20;15;105;55;90
Kadabra;0064;Psychic;Psychic;Kadabra;40;35;30;120;70;105
Alakazam;0065;Psychic;Psychic;Alakazam;55;50;45;135;95;120
Machop;0066;Fighting;Fighting;Machop;70;80;50;35;35;35
Machoke;0067;Fighting;Fighting;Machoke;80;100;70;50;60;45
Machamp;0068;Fighting;Fighting;Machamp;90;130;80;65;85;55
Bellsprout;0069;Grass;Poison;Bellsprout;50;75;35;70;30;40
Weepinbell;0070;Grass;Poison;Weepinbell;65;90;50;85;45;55
Victreebel;0071;Grass;Poison;Victreebel;80;105;65;100;70;70
Tentacool;0072;Water;Poison;Tentacool;40;40;35;50;100;70
Tentacruel;0073;Water;Poison;Tentacruel;80;70;65;80;120;100
Geodude;0074;Rock;Ground;Geodude;40;80;100;30;30;20
Geodude-Alola;0074_01;Rock;Electric;Geodude-Alola;40;80;100;30;30;20
Graveler;0075;Rock;Ground;Graveler;55;95;115;45;45;35
Graveler-Alola;0075_01;Rock;Electric;Graveler-Alola;55;95;115;45;45;35
Golem;0076;Rock;Ground;Golem;80;120;130;55;65;45
Golem-Alola;0076_01;Rock;Electric;Golem-Alola;80;120;130;55;65;45
Ponyta;0077;Fire;Fire;Ponyta;50;85;55;65;65;90
Ponyta-Galar;0077_01;Psychic;Psychic;Ponyta-Galar;50;85;55;65;65;90
Rapidash;0078;Fire;Fire;Rapidash;65;100;70;80;80;105
Rapidash-Galar;0078_01;Psychic;Fairy;Rapidash-Galar;65;100;70;80;80;105
Slowpoke;0079;Water;Psychic;Slowpoke;90;65;65;40;40;15
Slowpoke-Galar;0079_01;Psychic;Psychic;Slowpoke-Galar;90;65;65;40;40;15
Slowbro;0080;Water;Psychic;Slowbro;95;75;110;100;80;30
Slowbro-Galar;0080_01;Poison;Psychic;Slowbro-Galar;95;100;95;100;70;30
Magnemite;0081;Electric;Steel;Magnemite;25;35;70;95;55;45
Magneton;0082;Electric;Steel;Magneton;50;60;95;120;70;70
Farfetch'd;0083;Normal;Flying;Farfetch'd;52;90;55;58;62;60
Farfetch'd-Galar;0083_01;Fighting;Fighting;Farfetch'd-Galar;52;95;55;58;62;55
Doduo;0084;Normal;Flying;Doduo;35;85;45;35;35;75
Dodrio;0085;Normal;Flying;Dodrio;60;110;70;60;60;110
Seel;0086;Water;Water;Seel;65;45;55;45;70;45
Dewgong;0087;Water;Ice;Dewgong;90;70;80;70;95;70
Grimer;0088;Poison;Poison;Grimer;80;80;50;40;50;25
Grimer-Alola;0088_01;Poison;Dark;Grimer-Alola;80;80;50;40;50;25
Muk;0089;Poison;Poison;Muk;105;105;75;65;100;50
Muk-Alola;0089_01;Poison;Dark;Muk-Alola;105;105;75;65;100;50
Shellder;0090;Water;Water;Shellder;30;65;100;45;25;40
Cloyster;0091;Water;Ice;Cloyster;50;95;180;85;45;70
Gastly;0092;Ghost;Poison;Gastly;30;35;30;100;35;80
Haunter;0093;Ghost;Poison;Haunter;45;50;45;115;55;95
Gengar;0094;Ghost;Poison;Gengar;60;65;60;130;75;110
Onix;0095;Rock;Ground;Onix;35;45;160;30;45;70
Drowzee;0096;Psychic;Psychic;Drowzee;60;48;45;43;90;42
Hypno;0097;Psychic;Psychic;Hypno;85;73;70;73;115;67
Krabby;0098;Water;Water;Krabby;30;105;90;25;25;50
Kingler;0099;Water;Water;Kingler;55;130;115;50;50;75
Voltorb;0100;Electric;Electric;Voltorb;40;30;50;55;55;100
Voltorb-Hisui;0100_01;Electric;Grass;Voltorb-Hisui;40;30;50;55;55;100
Electrode;0101;Electric;Electric;Electrode;60;50;70;80;80;150
Electrode-Hisui;0101_01;Electric;Grass;Electrode-Hisui;60;50;70;80;80;150
Exeggcute;0102;Grass;Psychic;Exeggcute;60;40;80;60;45;40
Exeggutor;0103;Grass;Psychic;Exeggutor;95;95;85;125;75;55
Exeggutor-Alola;0103_01;Grass;Dragon;Exeggutor-Alola;95;105;85;125;75;45
Cubone;0104;Ground;Ground;Cubone;50;50;95;40;50;35
Marowak;0105;Ground;Ground;Marowak;60;80;110;50;80;45
Marowak-Alola;0105_01;Fire;Ghost;Marowak-Alola;60;80;110;50;80;45
Hitmonlee;0106;Fighting;Fighting;Hitmonlee;50;120;53;35;110;87
Hitmonchan;0107;Fighting;Fighting;Hitmonchan;50;105;79;35;110;76
Lickitung;0108;Normal;Normal;Lickitung;90;55;75;60;75;30
Koffing;0109;Poison;Poison;Koffing;40;65;95;60;45;35
Weezing;0110;Poison;Poison;Weezing;65;90;120;85;70;60
Weezing-Galar;0110_01;Poison;Fairy;Weezing-Galar;65;90;120;85;70;60
Rhyhorn;0111;Ground;Rock;Rhyhorn;80;85;95;30;30;25
Rhydon;0112;Ground;Rock;Rhydon;105;130;120;45;45;40
Chansey;0113;Normal;Normal;Chansey;250;5;5;35;105;50
Tangela;0114;Grass;Grass;Tangela;65;55;115;100;40;60
Kangaskhan;0115;Normal;Normal;Kangaskhan;105;95;80;40;80;90
Horsea;0116;Water;Water;Horsea;30;40;70;70;25;60
Seadra;0117;Water;Water;Seadra;55;65;95;95;45;85
Goldeen;0118;Water;Water;Goldeen;45;67;60;35;50;63
Seaking;0119;Water;Water;Seaking;80;92;65;65;80;68
Staryu;0120;Water;Water;Staryu;30;45;55;70;55;85
Starmie;0121;Water;Psychic;Starmie;60;75;85;100;85;115
Mr. Mime;0122;Psychic;Fairy;Mr. Mime;40;45;65;100;120;90
Mr. Mime-Galar;0122_01;Ice;Psychic;Mr. Mime-Galar;50;65;65;90;90;100
Scyther;0123;Bug;Flying;Scyther;70;110;80;55;80;105
Jynx;0124;Ice;Psychic;Jynx;65;50;35;115;95;95
Electabuzz;0125;Electric;Electric;Electabuzz;65;83;57;95;85;105
Magmar;0126;Fire;Fire;Magmar;65;95;57;100;85;93
Pinsir;0127;Bug;Bug;Pinsir;65;125;100;55;70;85
Tauros;0128;Normal;Normal;Tauros;75;100;95;40;70;110
Tauros-Paldea-Combat;0128_01;Fighting;Fighting;Tauros-Paldea-Combat;75;110;105;30;70;100
Tauros-Paldea-Blaze;0128_02;Fighting;Fire;Tauros-Paldea-Blaze;75;110;105;30;70;100
Tauros-Paldea-Aqua;0128_03;Fighting;Water;Tauros-Paldea-Aqua;75;110;105;30;70;100
Magikarp;0129;Water;Water;Magikarp;20;10;55;15;20;80
Gyarados;0130;Water;Flying;Gyarados;95;125;79;60;100;81
Lapras;0131;Water;Ice;Lapras;130;85;80;85;95;60
Ditto;0132;Normal;Normal;Ditto;48;48;48;48;48;48
Eevee;0133;Normal;Normal;Eevee;55;55;50;45;65;55
Vaporeon;0134;Water;Water;Vaporeon;130;65;60;110;95;65
Jolteon;0135;Electric;Electric;Jolteon;65;65;60;110;95;130
Flareon;0136;Fire;Fire;Flareon;65;130;60;95;110;65
Porygon;0137;Normal;Normal;Porygon;65;60;70;85;75;40
Omanyte;0138;Rock;Water;Omanyte;35;40;100;90;55;35
Omastar;0139;Rock;Water;Omastar;70;60;125;115;70;55
Kabuto;0140;Rock;Water;Kabuto;30;80;90;55;45;55
Kabutops;0141;Rock;Water;Kabutops;60;115;105;65;70;80
Aerodactyl;0142;Rock;Flying;Aerodactyl;80;105;65;60;75;130
Snorlax;0143;Normal;Normal;Snorlax;160;110;65;65;110;30
Articuno;0144;Ice;Flying;Articuno;90;85;100;95;125;85
Articuno-Galar;0144_01;Psychic;Flying;Articuno-Galar;90;85;85;125;100;95
Zapdos;0145;Electric;Flying;Zapdos;90;90;85;125;90;100
Zapdos-Galar;0145_01;Fighting;Flying;Zapdos-Galar;90;125;90;85;90;100
Moltres;0146;Fire;Flying;Moltres;90;100;90;125;85;90
Moltres-Galar;0146_01;Dark;Flying;Moltres-Galar;90;85;90;100;125;90
Dratini;0147;Dragon;Dragon;Dratini;41;64;45;50;50;50
Dragonair;0148;Dragon;Dragon;Dragonair;61;84;65;70;70;70
Dragonite;0149;Dragon;Flying;Dragonite;91;134;95;100;100;80
Mewtwo;0150;Psychic;Psychic;Mewtwo;106;110;90;154;90;130
Mew;0151;Psychic;Psychic;Mew;100;100;100;100;100;100
Chikorita;0152;Grass;Grass;Chikorita;45;49;65;49;65;45
Bayleef;0153;Grass;Grass;Bayleef;60;62;80;63;80;60
Meganium;0154;Grass;Grass;Meganium;80;82;100;83;100;80
Cyndaquil;0155;Fire;Fire;Cyndaquil;39;52;43;60;50;65
Quilava;0156;Fire;Fire;Quilava;58;64;58;80;65;80
Typhlosion;0157;Fire;Fire;Typhlosion;78;84;78;109;85;100
Typhlosion-Hisui;0157_01;Fire;Ghost;Typhlosion-Hisui;73;84;78;119;85;95
Totodile;0158;Water;Water;Totodile;50;65;64;44;48;43
Croconaw;0159;Water;Water;Croconaw;65;80;80;59;63;58
Feraligatr;0160;Water;Water;Feraligatr;85;105;100;79;83;78
Sentret;0161;Normal;Normal;Sentret;35;46;34;35;45;20
Furret;0162;Normal;Normal;Furret;85;76;64;45;55;90
Hoothoot;0163;Normal;Flying;Hoothoot;60;30;30;36;56;50
Noctowl;0164;Normal;Flying;Noctowl;100;50;50;86;96;70
Ledyba;0165;Bug;Flying;Ledyba;40;20;30;40;80;55
Ledian;0166;Bug;Flying;Ledian;55;35;50;55;110;85
Spinarak;0167;Bug;Poison;Spinarak;40;60;40;40;40;30
Ariados;0168;Bug;Poison;Ariados;70;90;70;60;70;40
Crobat;0169;Poison;Flying;Crobat;85;90;80;70;80;130
Chinchou;0170;Water;Electric;Chinchou;75;38;38;56;56;67
Lanturn;0171;Water;Electric;Lanturn;125;58;58;76;76;67
Pichu;0172;Electric;Electric;Pichu;20;40;15;35;35;60
Cleffa;0173;Fairy;Fairy;Cleffa;50;25;28;45;55;15
Igglybuff;0174;Normal;Fairy;Igglybuff;90;30;15;40;20;15
Togepi;0175;Fairy;Fairy;Togepi;35;20;65;40;65;20
Togetic;0176;Fairy;Flying;Togetic;55;40;85;80;105;40
Natu;0177;Psychic;Flying;Natu;40;50;45;70;45;70
Xatu;0178;Psychic;Flying;Xatu;65;75;70;95;70;95
Mareep;0179;Electric;Electric;Mareep;55;40;40;65;45;35
Flaaffy;0180;Electric;Electric;Flaaffy;70;55;55;80;60;45
Ampharos;0181;Electric;Electric;Ampharos;90;75;85;115;90;55
Bellossom;0182;Grass;Grass;Bellossom;75;80;95;90;100;50
Marill;0183;Water;Fairy;Marill;70;20;50;20;50;40
Azumarill;0184;Water;Fairy;Azumarill;100;50;80;60;80;50
Sudowoodo;0185;Rock;Rock;Sudowoodo;70;100;115;30;65;30
Politoed;0186;Water;Water;Politoed;90;75;75;90;100;70
Hoppip;0187;Grass;Flying;Hoppip;35;35;40;35;55;50
Skiploom;0188;Grass;Flying;Skiploom;55;45;50;45;65;80
Jumpluff;0189;Grass;Flying;Jumpluff;75;55;70;55;95;110
Aipom;0190;Normal;Normal;Aipom;55;70;55;40;55;85
Sunkern;0191;Grass;Grass;Sunkern;30;30;30;30;30;30
Sunflora;0192;Grass;Grass;Sunflora;75;75;55;105;85;30
Yanma;0193;Bug;Flying;Yanma;65;65;45;75;45;95
Wooper;0194;Water;Ground;Wooper;55;45;45;25;25;15
Wooper-Paldea;0194_01;Poison;Ground;Wooper-Paldea;55;45;45;25;25;15
Quagsire;0195;Water;Ground;Quagsire;95;85;85;65;65;35
Espeon;0196;Psychic;Psychic;Espeon;65;65;60;130;95;110
Umbreon;0197;Dark;Dark;Umbreon;95;65;110;60;130;65
Murkrow;0198;Dark;Flying;Murkrow;60;85;42;85;42;91
Slowking;0199;Water;Psychic;Slowking;95;75;80;100;110;30
Slowking-Galar;0199_01;Poison;Psychic;Slowking-Galar;95;65;80;110;110;30
Misdreavus;0200;Ghost;Ghost;Misdreavus;60;60;60;85;85;85
Unown;0201;Psychic;Psychic;Unown;48;72;48;72;48;48
Wobbuffet;0202;Psychic;Psychic;Wobbuffet;190;33;58;33;58;33
Girafarig;0203;Normal;Psychic;Girafarig;70;80;65;90;65;85
Pineco;0204;Bug;Bug;Pineco;50;65;90;35;35;15
Forretress;0205;Bug;Steel;Forretress;75;90;140;60;60;40
Dunsparce;0206;Normal;Normal;Dunsparce;100;70;70;65;65;45
Gligar;0207;Ground;Flying;Gligar;65;75;105;35;65;85
Steelix;0208;Steel;Ground;Steelix;75;85;200;55;65;30
Snubbull;0209;Fairy;Fairy;Snubbull;60;80;50;40;40;30
Granbull;0210;Fairy;Fairy;Granbull;90;120;75;60;60;45
Qwilfish;0211;Water;Poison;Qwilfish;65;95;85;55;55;85
Qwilfish-Hisui;0211_01;Dark;Poison;Qwilfish-Hisui;65;95;85;55;55;85
Scizor;0212;Bug;Steel;Scizor;70;130;100;55;80;65
Shuckle;0213;Bug;Rock;Shuckle;20;10;230;10;230;5
Heracross;0214;Bug;Fighting;Heracross;80;125;75;40;95;85
Sneasel;0215;Dark;Ice;Sneasel;55;95;55;35;75;115
Sneasel-Hisui;0215_01;Fighting;Poison;Sneasel-Hisui;55;95;55;35;75;115
Teddiursa;0216;Normal;Normal;Teddiursa;60;80;50;50;50;40
Ursaring;0217;Normal;Normal;Ursaring;90;130;75;75;75;55
Slugma;0218;Fire;Fire;Slugma;40;40;40;70;40;20
Magcargo;0219;Fire;Rock;Magcargo;60;50;120;90;80;30
Swinub;0220;Ice;Ground;Swinub;50;50;40;30;30;50
Piloswine;0221;Ice;Ground;Piloswine;100;100;80;60;60;50
Corsola;0222;Water;Rock;Corsola;65;55;95;65;95;35
Corsola-Galar;0222_01;Ghost;Ghost;Corsola-Galar;60;55;100;65;100;30
Remoraid;0223;Water;Water;Remoraid;35;65;35;65;35;65
Octillery;0224;Water;Water;Octillery;75;105;75;105;75;45
Delibird;0225;Ice;Flying;Delibird;45;55;45;65;45;75
Mantine;0226;Water;Flying;Mantine;85;40;70;80;140;70
Skarmory;0227;Steel;Flying;Skarmory;65;80;140;40;70;70
Houndour;0228;Dark;Fire;Houndour;45;60;30;80;50;65
Houndoom;0229;Dark;Fire;Houndoom;75;90;50;110;80;95
Kingdra;0230;Water;Dragon;Kingdra;75;95;95;95;95;85
Phanpy;0231;Ground;Ground;Phanpy;90;60;60;40;40;40
Donphan;0232;Ground;Ground;Donphan;90;120;120;60;60;50
Porygon2;0233;Normal;Normal;Porygon2;85;80;90;105;95;60
Stantler;0234;Normal;Normal;Stantler;73;95;62;85;65;85
Smeargle;0235;Normal;Normal;Smeargle;55;20;35;20;45;75
Tyrogue;0236;Fighting;Fighting;Tyrogue;35;35;35;35;35;35
Hitmontop;0237;Fighting;Fighting;Hitmontop;50;95;95;35;110;70
Smoochum;0238;Ice;Psychic;Smoochum;45;30;15;85;65;65
Elekid;0239;Electric;Electric;Elekid;45;63;37;65;55;95
Magby;0240;Fire;Fire;Magby;45;75;37;70;55;83
Miltank;0241;Normal;Normal;Miltank;95;80;105;40;70;100
Blissey;0242;Normal;Normal;Blissey;255;10;10;75;135;55
Raikou;0243;Electric;Electric;Raikou;90;85;75;115;100;115
Entei;0244;Fire;Fire;Entei;115;115;85;90;75;100
Suicune;0245;Water;Water;Suicune;100;75;115;90;115;85
Larvitar;0246;Rock;Ground;Larvitar;50;64;50;45;50;41
Pupitar;0247;Rock;Ground;Pupitar;70;84;70;65;70;51
Tyranitar;0248;Rock;Dark;Tyranitar;100;134;110;95;100;61
Lugia;0249;Psychic;Flying;Lugia;106;90;130;90;154;110
Ho-Oh;0250;Fire;Flying;Ho-Oh;106;130;90;110;154;90
Celebi;0251;Psychic;Grass;Celebi;100;100;100;100;100;100
Treecko;0252;Grass;Grass;Treecko;40;45;35;65;55;70
Grovyle;0253;Grass;Grass;Grovyle;50;65;45;85;65;95
Sceptile;0254;Grass;Grass;Sceptile;70;85;65;105;85;120
Torchic;0255;Fire;Fire;Torchic;45;60;40;70;50;45
Combusken;0256;Fire;Fighting;Combusken;60;85;60;85;60;55
Blaziken;0257;Fire;Fighting;Blaziken;80;120;70;110;70;80
Mudkip;0258;Water;Water;Mudkip;50;70;50;50;50;40
Marshtomp;0259;Water;Ground;Marshtomp;70;85;70;60;70;50
Swampert;0260;Water;Ground;Swampert;100;110;90;85;90;60
Poochyena;0261;Dark;Dark;Poochyena;35;55;35;30;30;35
Mightyena;0262;Dark;Dark;Mightyena;70;90;70;60;60;70
Zigzagoon;0263;Normal;Normal;Zigzagoon;38;30;41;30;41;60
Zigzagoon-Galar;0263_01;Dark;Normal;Zigzagoon-Galar;38;30;41;30;41;60
Linoone;0264;Normal;Normal;Linoone;78;70;61;50;61;100
Linoone-Galar;0264_01;Dark;Normal;Linoone-Galar;78;70;61;50;61;100
Wurmple;0265;Bug;Bug;Wurmple;45;45;35;20;30;20
Silcoon;0266;Bug;Bug;Silcoon;50;35;55;25;25;15
Beautifly;0267;Bug;Flying;Beautifly;60;70;50;100;50;65
Cascoon;0268;Bug;Bug;Cascoon;50;35;55;25;25;15
Dustox;0269;Bug;Poison;Dustox;60;50;70;50;90;65
Lotad;0270;Water;Grass;Lotad;40;30;30;40;50;30
Lombre;0271;Water;Grass;Lombre;60;50;50;60;70;50
Ludicolo;0272;Water;Grass;Ludicolo;80;70;70;90;100;70
Seedot;0273;Grass;Grass;Seedot;40;40;50;30;30;30
Nuzleaf;0274;Grass;Dark;Nuzleaf;70;70;40;60;40;60
Shiftry;0275;Grass;Dark;Shiftry;90;100;60;90;60;80
Taillow;0276;Normal;Flying;Taillow;40;55;30;30;30;85
Swellow;0277;Normal;Flying;Swellow;60;85;60;75;50;125
Wingull;0278;Water;Flying;Wingull;40;30;30;55;30;85
Pelipper;0279;Water;Flying;Pelipper;60;50;100;95;70;65
Ralts;0280;Psychic;Fairy;Ralts;28;25;25;45;35;40
Kirlia;0281;Psychic;Fairy;Kirlia;38;35;35;65;55;50
Gardevoir;0282;Psychic;Fairy;Gardevoir;68;65;65;125;115;80
Surskit;0283;Bug;Water;Surskit;40;30;32;50;52;65
Masquerain;0284;Bug;Flying;Masquerain;70;60;62;100;82;80
Shroomish;0285;Grass;Grass;Shroomish;60;40;60;40;60;35
Breloom;0286;Grass;Fighting;Breloom;60;130;80;60;60;70
Slakoth;0287;Normal;Normal;Slakoth;60;60;60;35;35;30
Vigoroth;0288;Normal;Normal;Vigoroth;80;80;80;55;55;90
Slaking;0289;Normal;Normal;Slaking;150;160;100;95;65;100
Nincada;0290;Bug;Ground;Nincada;31;45;90;30;30;40
Ninjask;0291;Bug;Flying;Ninjask;61;90;45;50;50;160
Shedinja;0292;Bug;Ghost;Shedinja;1;90;45;30;30;40
Whismur;0293;Normal;Normal;Whismur;64;51;23;51;23;28
Loudred;0294;Normal;Normal;Loudred;84;71;43;71;43;48
Exploud;0295;Normal;Normal;Exploud;104;91;63;91;73;68
Makuhita;0296;Fighting;Fighting;Makuhita;72;60;30;20;30;25
Hariyama;0297;Fighting;Fighting;Hariyama;144;120;60;40;60;50
Azurill;0298;Normal;Fairy;Azurill;50;20;40;20;40;20
Nosepass;0299;Rock;Rock;Nosepass;30;45;135;45;90;30
Skitty;0300;Normal;Normal;Skitty;50;45;45;35;35;50
Delcatty;0301;Normal;Normal;Delcatty;70;65;65;55;55;90
Sableye;0302;Dark;Ghost;Sableye;50;75;75;65;65;50
Mawile;0303;Steel;Fairy;Mawile;50;85;85;55;55;50
Aron;0304;Steel;Rock;Aron;50;70;100;40;40;30
LaIron ;0305;Steel;Rock;LaIron ;60;90;140;50;50;40
Aggron;0306;Steel;Rock;Aggron;70;110;180;60;60;50
Meditite;0307;Fighting;Psychic;Meditite;30;40;55;40;55;60
Medicham;0308;Fighting;Psychic;Medicham;60;60;75;60;75;80
Electrike;0309;Electric;Electric;Electrike;40;45;40;65;40;65
Manectric;0310;Electric;Electric;Manectric;70;75;60;105;60;105
Plusle;0311;Electric;Electric;Plusle;60;50;40;85;75;95
Minun;0312;Electric;Electric;Minun;60;40;50;75;85;95
Volbeat;0313;Bug;Bug;Volbeat;65;73;75;47;85;85
Illumise;0314;Bug;Bug;Illumise;65;47;75;73;85;85
Roselia;0315;Grass;Poison;Roselia;50;60;45;100;80;65
Gulpin;0316;Poison;Poison;Gulpin;70;43;53;43;53;40
Swalot;0317;Poison;Poison;Swalot;100;73;83;73;83;55
Carvanha;0318;Water;Dark;Carvanha;45;90;20;65;20;65
Sharpedo;0319;Water;Dark;Sharpedo;70;120;40;95;40;95
Wailmer;0320;Water;Water;Wailmer;130;70;35;70;35;60
Wailord;0321;Water;Water;Wailord;170;90;45;90;45;60
Numel;0322;Fire;Ground;Numel;60;60;40;65;45;35
Camerupt;0323;Fire;Ground;Camerupt;70;100;70;105;75;40
Torkoal;0324;Fire;Fire;Torkoal;70;85;140;85;70;20
Spoink;0325;Psychic;Psychic;Spoink;60;25;35;70;80;60
Grumpig;0326;Psychic;Psychic;Grumpig;80;45;65;90;110;80
Spinda;0327;Normal;Normal;Spinda;60;60;60;60;60;60
Trapinch;0328;Ground;Ground;Trapinch;45;100;45;45;45;10
Vibrava;0329;Ground;Dragon;Vibrava;50;70;50;50;50;70
Flygon;0330;Ground;Dragon;Flygon;80;100;80;80;80;100
Cacnea;0331;Grass;Grass;Cacnea;50;85;40;85;40;35
Cacturne;0332;Grass;Dark;Cacturne;70;115;60;115;60;55
Swablu;0333;Normal;Flying;Swablu;45;40;60;40;75;50
Altaria;0334;Dragon;Flying;Altaria;75;70;90;70;105;80
Zangoose;0335;Normal;Normal;Zangoose;73;115;60;60;60;90
Seviper;0336;Poison;Poison;Seviper;73;100;60;100;60;65
Lunatone;0337;Rock;Psychic;Lunatone;90;55;65;95;85;70
Solrock;0338;Rock;Psychic;Solrock;90;95;85;55;65;70
Barboach;0339;Water;Ground;Barboach;50;48;43;46;41;60
Whiscash;0340;Water;Ground;Whiscash;110;78;73;76;71;60
Corphish;0341;Water;Water;Corphish;43;80;65;50;35;35
Crawdaunt;0342;Water;Dark;Crawdaunt;63;120;85;90;55;55
Baltoy;0343;Ground;Psychic;Baltoy;40;40;55;40;70;55
Claydol;0344;Ground;Psychic;Claydol;60;70;105;70;120;75
Lileep;0345;Rock;Grass;Lileep;66;41;77;61;87;23
Cradily;0346;Rock;Grass;Cradily;86;81;97;81;107;43
Anorith;0347;Rock;Bug;Anorith;45;95;50;40;50;75
Armaldo;0348;Rock;Bug;Armaldo;75;125;100;70;80;45
Feebas;0349;Water;Water;Feebas;20;15;20;10;55;80
Milotic;0350;Water;Water;Milotic;95;60;79;100;125;81
Castform;0351;Normal;Normal;Castform;70;70;70;70;70;70
Castform-Sunny;0351_01;Fire;Fire;Castform-Sunny;70;70;70;70;70;70
Castform-Rainy;0351_02;Water;Water;Castform-Rainy;70;70;70;70;70;70
Castform-Snowy;0351_03;Ice;Ice;Castform-Snowy;70;70;70;70;70;70
Kecleon;0352;Normal;Normal;Kecleon;60;90;70;60;120;40
Shuppet;0353;Ghost;Ghost;Shuppet;44;75;35;63;33;45
Banette;0354;Ghost;Ghost;Banette;64;115;65;83;63;65
Duskull;0355;Ghost;Ghost;Duskull;20;40;90;30;90;25
Dusclops;0356;Ghost;Ghost;Dusclops;40;70;130;60;130;25
Tropius;0357;Grass;Flying;Tropius;99;68;83;72;87;51
Chimecho;0358;Psychic;Psychic;Chimecho;75;50;80;95;90;65
Absol;0359;Dark;Dark;Absol;65;130;60;75;60;75
Wynaut;0360;Psychic;Psychic;Wynaut;95;23;48;23;48;23
Snorunt;0361;Ice;Ice;Snorunt;50;50;50;50;50;50
Glalie;0362;Ice;Ice;Glalie;80;80;80;80;80;80
Spheal;0363;Ice;Water;Spheal;70;40;50;55;50;25
Sealeo;0364;Ice;Water;Sealeo;90;60;70;75;70;45
Walrein;0365;Ice;Water;Walrein;110;80;90;95;90;65
Clamperl;0366;Water;Water;Clamperl;35;64;85;74;55;32
Huntail;0367;Water;Water;Huntail;55;104;105;94;75;52
Gorebyss;0368;Water;Water;Gorebyss;55;84;105;114;75;52
Relicanth;0369;Water;Rock;Relicanth;100;90;130;45;65;55
Luvdisc;0370;Water;Water;Luvdisc;43;30;55;40;65;97
Bagon;0371;Dragon;Dragon;Bagon;45;75;60;40;30;50
Shelgon;0372;Dragon;Dragon;Shelgon;65;95;100;60;50;50
Salamence;0373;Dragon;Flying;Salamence;95;135;80;110;80;100
Beldum;0374;Steel;Psychic;Beldum;40;55;80;35;60;30
Metang;0375;Steel;Psychic;Metang;60;75;100;55;80;50
Metagross;0376;Steel;Psychic;Metagross;80;135;130;95;90;70
Regirock;0377;Rock;Rock;Regirock;80;100;200;50;100;50
Regice;0378;Ice;Ice;Regice;80;50;100;100;200;50
Registeel;0379;Steel;Steel;Registeel;80;75;150;75;150;50
Latias;0380;Dragon;Psychic;Latias;80;80;90;110;130;110
Latios;0381;Dragon;Psychic;Latios;80;90;80;130;110;110
Kyogre;0382;Water;Water;Kyogre;100;100;90;150;140;90
Groudon;0383;Ground;Ground;Groudon;100;150;140;100;90;90
Rayquaza;0384;Dragon;Flying;Rayquaza;105;150;90;150;90;95
Jirachi;0385;Steel;Psychic;Jirachi;100;100;100;100;100;100
Deoxys;0386;Psychic;Psychic;Deoxys;50;150;50;150;50;150
Deoxys-Attack;0386_01;Psychic;Psychic;Deoxys-Attack;50;180;20;180;20;150
Deoxys-Defense;0386_02;Psychic;Psychic;Deoxys-Defense;50;70;160;70;160;90
Deoxys-Speed;0386_03;Psychic;Psychic;Deoxys-Speed;50;95;90;95;90;180
Turtwig;0387;Grass;Grass;Turtwig;55;68;64;45;55;31
Grotle;0388;Grass;Grass;Grotle;75;89;85;55;65;36
Torterra;0389;Grass;Ground;Torterra;95;109;105;75;85;56
Chimchar;0390;Fire;Fire;Chimchar;44;58;44;58;44;61
Monferno;0391;Fire;Fighting;Monferno;64;78;52;78;52;81
Infernape;0392;Fire;Fighting;Infernape;76;104;71;104;71;108
Piplup;0393;Water;Water;Piplup;53;51;53;61;56;40
Prinplup;0394;Water;Water;Prinplup;64;66;68;81;76;50
Empoleon;0395;Water;Steel;Empoleon;84;86;88;111;101;60
Starly;0396;Normal;Flying;Starly;40;55;30;30;30;60
Staravia;0397;Normal;Flying;Staravia;55;75;50;40;40;80
Staraptor;0398;Normal;Flying;Staraptor;85;120;70;50;60;100
Bidoof;0399;Normal;Normal;Bidoof;59;45;40;35;40;31
Bibarel;0400;Normal;Water;Bibarel;79;85;60;55;60;71
Kricketot;0401;Bug;Bug;Kricketot;37;25;41;25;41;25
Kricketune;0402;Bug;Bug;Kricketune;77;85;51;55;51;65
Shinx;0403;Electric;Electric;Shinx;45;65;34;40;34;45
Luxio;0404;Electric;Electric;Luxio;60;85;49;60;49;60
Luxray;0405;Electric;Electric;Luxray;80;120;79;95;79;70
Budew;0406;Grass;Poison;Budew;40;30;35;50;70;55
Roserade;0407;Grass;Poison;Roserade;60;70;65;125;105;90
Cranidos;0408;Rock;Rock;Cranidos;67;125;40;30;30;58
Rampardos;0409;Rock;Rock;Rampardos;97;165;60;65;50;58
Shieldon;0410;Rock;Steel;Shieldon;30;42;118;42;88;30
Bastiodon;0411;Rock;Steel;Bastiodon;60;52;168;47;138;30
Burmy;0412;Bug;Bug;Burmy;40;29;45;29;45;36
Wormadam-Plant;0413;Bug;Grass;Wormadam-Plant;60;59;85;79;105;36
Wormadam-Sandy;0413_01;Bug;Ground;Wormadam-Sandy;60;79;105;59;85;36
Wormadam-Trash;0413_02;Bug;Steel;Wormadam-Trash;60;69;95;69;95;36
Mothim;0414;Bug;Flying;Mothim;70;94;50;94;50;66
Combee;0415;Bug;Flying;Combee;30;30;42;30;42;70
Vespiquen;0416;Bug;Flying;Vespiquen;70;80;102;80;102;40
Pachirisu;0417;Electric;Electric;Pachirisu;60;45;70;45;90;95
Buizel;0418;Water;Water;Buizel;55;65;35;60;30;85
Floatzel;0419;Water;Water;Floatzel;85;105;55;85;50;115
Cherubi;0420;Grass;Grass;Cherubi;45;35;45;62;53;35
Cherrim;0421;Grass;Grass;Cherrim;70;60;70;87;78;85
Cherrim-Sunshine;0421_01;Grass;Grass;Cherrim;70;60;70;87;78;85
Shellos;0422;Water;Water;Shellos;76;48;48;57;62;34
Gastrodon;0423;Water;Ground;Gastrodon;111;83;68;92;82;39
Ambipom;0424;Normal;Normal;Ambipom;75;100;66;60;66;115
Drifloon;0425;Ghost;Flying;Drifloon;90;50;34;60;44;70
Drifblim;0426;Ghost;Flying;Drifblim;150;80;44;90;54;80
Buneary;0427;Normal;Normal;Buneary;55;66;44;44;56;85
Lopunny;0428;Normal;Normal;Lopunny;65;76;84;54;96;105
Mismagius;0429;Ghost;Ghost;Mismagius;60;60;60;105;105;105
Honchkrow;0430;Dark;Flying;Honchkrow;100;125;52;105;52;71
Glameow;0431;Normal;Normal;Glameow;49;55;42;42;37;85
Purugly;0432;Normal;Normal;Purugly;71;82;64;64;59;112
Chingling;0433;Psychic;Psychic;Chingling;45;30;50;65;50;45
Stunky;0434;Poison;Dark;Stunky;63;63;47;41;41;74
Skuntank;0435;Poison;Dark;Skuntank;103;93;67;71;61;84
Bronzor;0436;Steel;Psychic;Bronzor;57;24;86;24;86;23
Bronzong;0437;Steel;Psychic;Bronzong;67;89;116;79;116;33
Bonsly;0438;Rock;Rock;Bonsly;50;80;95;10;45;10
MimeJr.;0439;Psychic;Fairy;MimeJr.;20;25;45;70;90;60
Happiny;0440;Normal;Normal;Happiny;100;5;5;15;65;30
Chatot;0441;Normal;Flying;Chatot;76;65;45;92;42;91
Spiritomb;0442;Ghost;Dark;Spiritomb;50;92;108;92;108;35
Gible;0443;Dragon;Ground;Gible;58;70;45;40;45;42
Gabite;0444;Dragon;Ground;Gabite;68;90;65;50;55;82
Garchomp;0445;Dragon;Ground;Garchomp;108;130;95;80;85;102
Munchlax;0446;Normal;Normal;Munchlax;135;85;40;40;85;5
Riolu;0447;Fighting;Fighting;Riolu;40;70;40;35;40;60
Lucario;0448;Fighting;Steel;Lucario;70;110;70;115;70;90
Hippopotas;0449;Ground;Ground;Hippopotas;68;72;78;38;42;32
Hippowdon;0450;Ground;Ground;Hippowdon;108;112;118;68;72;47
Skorupi;0451;Poison;Bug;Skorupi;40;50;90;30;55;65
Drapion;0452;Poison;Dark;Drapion;70;90;110;60;75;95
Croagunk;0453;Poison;Fighting;Croagunk;48;61;40;61;40;50
Toxicroak;0454;Poison;Fighting;Toxicroak;83;106;65;86;65;85
Carnivine;0455;Grass;Grass;Carnivine;74;100;72;90;72;46
Finneon;0456;Water;Water;Finneon;49;49;56;49;61;66
Lumineon;0457;Water;Water;Lumineon;69;69;76;69;86;91
Mantyke;0458;Water;Flying;Mantyke;45;20;50;60;120;50
Snover;0459;Grass;Ice;Snover;60;62;50;62;60;40
Abomasnow;0460;Grass;Ice;Abomasnow;90;92;75;92;85;60
Weavile;0461;Dark;Ice;Weavile;70;120;65;45;85;125
Magnezone;0462;Electric;Steel;Magnezone;70;70;115;130;90;60
Lickilicky;0463;Normal;Normal;Lickilicky;110;85;95;80;95;50
Rhyperior;0464;Ground;Rock;Rhyperior;115;140;130;55;55;40
Tangrowth;0465;Grass;Grass;Tangrowth;100;100;125;110;50;50
Electivire;0466;Electric;Electric;Electivire;75;123;67;95;85;95
Magmortar;0467;Fire;Fire;Magmortar;75;95;67;125;95;83
Togekiss;0468;Fairy;Flying;Togekiss;85;50;95;120;115;80
Yanmega;0469;Bug;Flying;Yanmega;86;76;86;116;56;95
Leafeon;0470;Grass;Grass;Leafeon;65;110;130;60;65;95
Glaceon;0471;Ice;Ice;Glaceon;65;60;110;130;95;65
Gliscor;0472;Ground;Flying;Gliscor;75;95;125;45;75;95
Mamoswine;0473;Ice;Ground;Mamoswine;110;130;80;70;60;80
Porygon-Z;0474;Normal;Normal;Porygon-Z;85;80;70;135;75;90
Gallade;0475;Psychic;Fighting;Gallade;68;125;65;65;115;80
Probopass;0476;Rock;Steel;Probopass;60;55;145;75;150;40
Dusknoir;0477;Ghost;Ghost;Dusknoir;45;100;135;65;135;45
Froslass;0478;Ice;Ghost;Froslass;70;80;70;80;70;110
Rotom;0479;Electric;Ghost;Rotom;50;50;77;95;77;91
Rotom-Heat;0479_01;Electric;Fire;Rotom-Heat;50;65;107;105;107;86
Rotom-Wash;0479_02;Electric;Water;Rotom-Wash;50;65;107;105;107;86
Rotom-Frost;#REF!;Electric;Ice;Rotom-Frost;50;65;107;105;107;86
Rotom-Fan;0479_04;Electric;Flying;Rotom-Fan;50;65;107;105;107;86
Rotom-Mow;0479_05;Electric;Grass;Rotom-Mow;50;65;107;105;107;86
Uxie;0480;Psychic;Psychic;Uxie;75;75;130;75;130;95
Mesprit;0481;Psychic;Psychic;Mesprit;80;105;105;105;105;80
Azelf;0482;Psychic;Psychic;Azelf;75;125;70;125;70;115
Dialga;0483;Steel;Dragon;Dialga;100;120;120;150;100;90
Dialga-Origin;0483_01;Steel;Dragon;Dialga-Origin;100;100;120;150;120;90
Palkia;0484;Water;Dragon;Palkia;90;120;100;150;120;100
Palkia-Origin;0484_01;Water;Dragon;Palkia-Origin;90;100;100;150;120;120
Heatran;0485;Fire;Steel;Heatran;91;90;106;130;106;77
Regigigas;0486;Normal;Normal;Regigigas;110;160;110;80;110;100
Giratina;0487;Ghost;Dragon;Giratina;150;100;120;100;120;90
Giratina-Origin;0487_01;Ghost;Dragon;Giratina-Origin;150;120;100;120;100;90
Cresselia;0488;Psychic;Psychic;Cresselia;120;70;110;75;120;85
Phione;0489;Water;Water;Phione;80;80;80;80;80;80
Manaphy;0490;Water;Water;Manaphy;100;100;100;100;100;100
Darkrai;0491;Dark;Dark;Darkrai;70;90;90;135;90;125
Shaymin;0492;Grass;Grass;Shaymin;100;100;100;100;100;100
Shaymin-Sky;0492_01;Grass;Flying;Shaymin-Sky;100;103;75;120;75;127
Arceus;0493;Normal;Normal;Arceus;120;120;120;120;120;120
Victini;0494;Psychic;Fire;Victini;100;100;100;100;100;100
Snivy;0495;Grass;Grass;Snivy;45;45;55;45;55;63
Servine;0496;Grass;Grass;Servine;60;60;75;60;75;83
Serperior;0497;Grass;Grass;Serperior;75;75;95;75;95;113
Tepig;0498;Fire;Fire;Tepig;65;63;45;45;45;45
Pignite;0499;Fire;Fighting;Pignite;90;93;55;70;55;55
Emboar;0500;Fire;Fighting;Emboar;110;123;65;100;65;65
Oshawott;0501;Water;Water;Oshawott;55;55;45;63;45;45
Dewott;0502;Water;Water;Dewott;75;75;60;83;60;60
Samurott;0503;Water;Water;Samurott;95;100;85;108;70;70
Samurott-Hisui;0503_01;Water;Dark;Samurott-Hisui;90;108;80;100;65;85
Patrat;0504;Normal;Normal;Patrat;45;55;39;35;39;42
Watchog;0505;Normal;Normal;Watchog;60;85;69;60;69;77
Lillipup;0506;Normal;Normal;Lillipup;45;60;45;25;45;55
Herdier;0507;Normal;Normal;Herdier;65;80;65;35;65;60
Stoutland;0508;Normal;Normal;Stoutland;85;110;90;45;90;80
Purrloin;0509;Dark;Dark;Purrloin;41;50;37;50;37;66
Liepard;0510;Dark;Dark;Liepard;64;88;50;88;50;106
Pansage;0511;Grass;Grass;Pansage;50;53;48;53;48;64
Simisage;0512;Grass;Grass;Simisage;75;98;63;98;63;101
Pansear;0513;Fire;Fire;Pansear;50;53;48;53;48;64
Simisear;0514;Fire;Fire;Simisear;75;98;63;98;63;101
Panpour;0515;Water;Water;Panpour;50;53;48;53;48;64
Simipour;0516;Water;Water;Simipour;75;98;63;98;63;101
Munna;0517;Psychic;Psychic;Munna;76;25;45;67;55;24
Musharna;0518;Psychic;Psychic;Musharna;116;55;85;107;95;29
Pidove;0519;Normal;Flying;Pidove;50;55;50;36;30;43
Tranquill;0520;Normal;Flying;Tranquill;62;77;62;50;42;65
Unfezant;0521;Normal;Flying;Unfezant;80;115;80;65;55;93
Blitzle;0522;Electric;Electric;Blitzle;45;60;32;50;32;76
Zebstrika;0523;Electric;Electric;Zebstrika;75;100;63;80;63;116
Roggenrola;0524;Rock;Rock;Roggenrola;55;75;85;25;25;15
Boldore;0525;Rock;Rock;Boldore;70;105;105;50;40;20
Gigalith;0526;Rock;Rock;Gigalith;85;135;130;60;80;25
Woobat;0527;Psychic;Flying;Woobat;65;45;43;55;43;72
Swoobat;0528;Psychic;Flying;Swoobat;67;57;55;77;55;114
Drilbur;0529;Ground;Ground;Drilbur;60;85;40;30;45;68
Excadrill;0530;Ground;Steel;Excadrill;110;135;60;50;65;88
Audino;0531;Normal;Normal;Audino;103;60;86;60;86;50
Timburr;0532;Fighting;Fighting;Timburr;75;80;55;25;35;35
Gurdurr;0533;Fighting;Fighting;Gurdurr;85;105;85;40;50;40
Conkeldurr;0534;Fighting;Fighting;Conkeldurr;105;140;95;55;65;45
Tympole;0535;Water;Water;Tympole;50;50;40;50;40;64
Palpitoad;0536;Water;Ground;Palpitoad;75;65;55;65;55;69
Seismitoad;0537;Water;Ground;Seismitoad;105;95;75;85;75;74
Throh;0538;Fighting;Fighting;Throh;120;100;85;30;85;45
Sawk;0539;Fighting;Fighting;Sawk;75;125;75;30;75;85
Sewaddle;0540;Bug;Grass;Sewaddle;45;53;70;40;60;42
Swadloon;0541;Bug;Grass;Swadloon;55;63;90;50;80;42
Leavanny;0542;Bug;Grass;Leavanny;75;103;80;70;80;92
Venipede;0543;Bug;Poison;Venipede;30;45;59;30;39;57
Whirlipede;0544;Bug;Poison;Whirlipede;40;55;99;40;79;47
Scolipede;0545;Bug;Poison;Scolipede;60;100;89;55;69;112
Cottonee;0546;Grass;Fairy;Cottonee;40;27;60;37;50;66
Whimsicott;0547;Grass;Fairy;Whimsicott;60;67;85;77;75;116
Petilil;0548;Grass;Grass;Petilil;45;35;50;70;50;30
Lilligant;0549;Grass;Grass;Lilligant;70;60;75;110;75;90
Lilligant-Hisui;0549_01;Grass;Fighting;Lilligant-Hisui;70;105;75;50;75;105
Basculin;0550;Water;Water;Basculin;70;92;65;80;55;98
Basculin-Blue-Striped;0550_01;Water;Water;Basculin;70;92;65;80;55;98
Basculin-White-Striped;0550_02;Water;Water;Basculin;70;92;65;80;55;98
Sandile;0551;Ground;Dark;Sandile;50;72;35;35;35;65
Krokorok;0552;Ground;Dark;Krokorok;60;82;45;45;45;74
Krookodile;0553;Ground;Dark;Krookodile;95;117;80;65;70;92
Darumaka;0554;Fire;Fire;Darumaka;70;90;45;15;45;50
Darumaka-Galar;0554_01;Ice;Ice;Darumaka-Galar;70;90;45;15;45;50
Darmanitan;0555;Fire;Fire;Darmanitan;105;140;55;30;55;95
Darmanitan-Galar;0555_01;Ice;Ice;Darmanitan-Galar;105;30;105;140;105;55
Darmanitan-Zen;0555_02;Fire;Psychic;Darmanitan-Zen;105;140;55;30;55;95
Darmanitan-Galar-Zen;0555_03;Ice;Fire;Darmanitan-Galar-Zen;105;160;55;30;55;135
Maractus;0556;Grass;Grass;Maractus;75;86;67;106;67;60
Dwebble;0557;Bug;Rock;Dwebble;50;65;85;35;35;55
Crustle;0558;Bug;Rock;Crustle;70;105;125;65;75;45
Scraggy;0559;Dark;Fighting;Scraggy;50;75;70;35;70;48
Scrafty;0560;Dark;Fighting;Scrafty;65;90;115;45;115;58
Sigilyph;0561;Psychic;Flying;Sigilyph;72;58;80;103;80;97
Yamask;0562;Ghost;Ghost;Yamask;38;30;85;55;65;30
Yamask-Galar;0562_01;Ground;Ghost;Yamask-Galar;38;55;85;30;65;30
Cofagrigus;0563;Ghost;Ghost;Cofagrigus;58;50;145;95;105;30
Tirtouga;0564;Water;Rock;Tirtouga;54;78;103;53;45;22
Carracosta;0565;Water;Rock;Carracosta;74;108;133;83;65;32
Archen;0566;Rock;Flying;Archen;55;112;45;74;45;70
Archeops;0567;Rock;Flying;Archeops;75;140;65;112;65;110
Trubbish;0568;Poison;Poison;Trubbish;50;50;62;40;62;65
Garbodor;0569;Poison;Poison;Garbodor;80;95;82;60;82;75
Zorua;0570;Dark;Dark;Zorua;40;65;40;80;40;65
Zorua-Hisui;0570_01;Normal;Ghost;Zorua-Hisui;35;60;40;85;40;70
Zoroark;0571;Dark;Dark;Zoroark;60;105;60;120;60;105
Zoroark-Hisui;0571_01;Normal;Ghost;Zoroark-Hisui;55;100;60;125;60;110
Minccino;0572;Normal;Normal;Minccino;55;50;40;40;40;75
Cinccino;0573;Normal;Normal;Cinccino;75;95;60;65;60;115
Gothita;0574;Psychic;Psychic;Gothita;45;30;50;55;65;45
Gothorita;0575;Psychic;Psychic;Gothorita;60;45;70;75;85;55
Gothitelle;0576;Psychic;Psychic;Gothitelle;70;55;95;95;110;65
Solosis;0577;Psychic;Psychic;Solosis;45;30;40;105;50;20
Duosion;0578;Psychic;Psychic;Duosion;65;40;50;125;60;30
Reuniclus;0579;Psychic;Psychic;Reuniclus;110;65;75;125;85;30
Ducklett;0580;Water;Flying;Ducklett;62;44;50;44;50;55
Swanna;0581;Water;Flying;Swanna;75;87;63;87;63;98
Vanillite;0582;Ice;Ice;Vanillite;36;50;50;65;60;44
Vanillish;0583;Ice;Ice;Vanillish;51;65;65;80;75;59
Vanilluxe;0584;Ice;Ice;Vanilluxe;71;95;85;110;95;79
Deerling;0585;Normal;Grass;Deerling;60;60;50;40;50;75
Sawsbuck;0586;Normal;Grass;Sawsbuck;80;100;70;60;70;95
Emolga;0587;Electric;Flying;Emolga;55;75;60;75;60;103
Karrablast;0588;Bug;Bug;Karrablast;50;75;45;40;45;60
Escavalier;0589;Bug;Steel;Escavalier;70;135;105;60;105;20
Foongus;0590;Grass;Poison;Foongus;69;55;45;55;55;15
Amoonguss;0591;Grass;Poison;Amoonguss;114;85;70;85;80;30
Frillish;0592;Water;Ghost;Frillish;55;40;50;65;85;40
Jellicent;0593;Water;Ghost;Jellicent;100;60;70;85;105;60
Alomomola;0594;Water;Water;Alomomola;165;75;80;40;45;65
Joltik;0595;Bug;Electric;Joltik;50;47;50;57;50;65
Galvantula;0596;Bug;Electric;Galvantula;70;77;60;97;60;108
Ferroseed;0597;Grass;Steel;Ferroseed;44;50;91;24;86;10
Ferrothorn;0598;Grass;Steel;Ferrothorn;74;94;131;54;116;20
Klink;0599;Steel;Steel;Klink;40;55;70;45;60;30
Klang;0600;Steel;Steel;Klang;60;80;95;70;85;50
Klinklang;0601;Steel;Steel;Klinklang;60;100;115;70;85;90
Tynamo;0602;Electric;Electric;Tynamo;35;55;40;45;40;60
Eelektrik;0603;Electric;Electric;Eelektrik;65;85;70;75;70;40
Eelektross;0604;Electric;Electric;Eelektross;85;115;80;105;80;50
Elgyem;0605;Psychic;Psychic;Elgyem;55;55;55;85;55;30
Beheeyem;0606;Psychic;Psychic;Beheeyem;75;75;75;125;95;40
Litwick;0607;Ghost;Fire;Litwick;50;30;55;65;55;20
Lampent;0608;Ghost;Fire;Lampent;60;40;60;95;60;55
Chandelure;0609;Ghost;Fire;Chandelure;60;55;90;145;90;80
Axew;0610;Dragon;Dragon;Axew;46;87;60;30;40;57
Fraxure;0611;Dragon;Dragon;Fraxure;66;117;70;40;50;67
Haxorus;0612;Dragon;Dragon;Haxorus;76;147;90;60;70;97
Cubchoo;0613;Ice;Ice;Cubchoo;55;70;40;60;40;40
Beartic;0614;Ice;Ice;Beartic;95;130;80;70;80;50
Cryogonal;0615;Ice;Ice;Cryogonal;80;50;50;95;135;105
Shelmet;0616;Bug;Bug;Shelmet;50;40;85;40;65;25
Accelgor;0617;Bug;Bug;Accelgor;80;70;40;100;60;145
Stunfisk;0618;Ground;Electric;Stunfisk;109;66;84;81;99;32
Stunfisk-Galar;0618_01;Ground;Steel;Stunfisk-Galar;109;81;99;66;84;32
Mienfoo;0619;Fighting;Fighting;Mienfoo;45;85;50;55;50;65
Mienshao;0620;Fighting;Fighting;Mienshao;65;125;60;95;60;105
Druddigon;0621;Dragon;Dragon;Druddigon;77;120;90;60;90;48
Golett;0622;Ground;Ghost;Golett;59;74;50;35;50;35
Golurk;0623;Ground;Ghost;Golurk;89;124;80;55;80;55
Pawniard;0624;Dark;Steel;Pawniard;45;85;70;40;40;60
Bisharp;0625;Dark;Steel;Bisharp;65;125;100;60;70;70
Bouffalant;0626;Normal;Normal;Bouffalant;95;110;95;40;95;55
Rufflet;0627;Normal;Flying;Rufflet;70;83;50;37;50;60
Braviary;0628;Normal;Flying;Braviary;100;123;75;57;75;80
Braviary-Hisui;0628_01;Psychic;Flying;Braviary-Hisui;110;83;70;112;70;65
Vullaby;0629;Dark;Flying;Vullaby;70;55;75;45;65;60
Mandibuzz;0630;Dark;Flying;Mandibuzz;110;65;105;55;95;80
Heatmor;0631;Fire;Fire;Heatmor;85;97;66;105;66;65
Durant;0632;Bug;Steel;Durant;58;109;112;48;48;109
Deino;0633;Dark;Dragon;Deino;52;65;50;45;50;38
Zweilous;0634;Dark;Dragon;Zweilous;72;85;70;65;70;58
Hydreigon;0635;Dark;Dragon;Hydreigon;92;105;90;125;90;98
Larvesta;0636;Bug;Fire;Larvesta;55;85;55;50;55;60
Volcarona;0637;Bug;Fire;Volcarona;85;60;65;135;105;100
Cobalion;0638;Steel;Fighting;Cobalion;91;90;129;90;72;108
Terrakion;0639;Rock;Fighting;Terrakion;91;129;90;72;90;108
Virizion;0640;Grass;Fighting;Virizion;91;90;72;90;129;108
Tornadus;0641;Flying;Flying;Tornadus-Incarnate;79;115;70;125;80;111
Tornadus-Therian;0641_01;Flying;Flying;Tornadus-Therian;79;100;80;110;90;121
Thundurus;0642;Electric;Flying;Thundurus-Incarnate;79;115;70;125;80;111
Thundurus-Therian;0642_01;Electric;Flying;Thundurus-Therian;79;105;70;145;80;101
Reshiram;0643;Dragon;Fire;Reshiram;100;120;100;150;120;90
Zekrom;0644;Dragon;Electric;Zekrom;100;150;120;120;100;90
Landorus;0645;Ground;Flying;Landorus-Incarnate;89;125;90;115;80;101
Landorus-Therian;0645_01;Ground;Flying;Landorus-Therian;89;145;90;105;80;91
Kyurem;0646;Dragon;Ice;Kyurem;125;130;90;130;90;95
Kyurem-White;0646_01;Dragon;Ice;Kyurem-White;125;170;100;120;90;95
Kyurem-Black;0646_02;Dragon;Ice;Kyurem-Black;125;120;90;170;100;95
Keldeo-Ordinary;0647;Water;Fighting;Keldeo-Ordinary;91;72;90;129;90;108
Keldeo-Resolute;0647_01;Water;Fighting;Keldeo-Resolute;91;72;90;129;90;108
Meloetta;0648;Normal;Psychic;Meloetta;100;77;77;128;128;90
Meloetta-Pirouette;0648_01;Normal;Fighting;Meloetta-Pirouette;100;128;90;77;77;128
Genesect;0649;Bug;Steel;Genesect;71;120;95;120;95;99
Genesect-Douse;0649_01;Bug;Steel;Genesect-Douse;71;120;95;120;95;99
Genesect-Shock;0649_02;Bug;Steel;Genesect-Shock;71;120;95;120;95;99
Genesect-Burn;0649_03;Bug;Steel;Genesect-Burn;71;120;95;120;95;99
Genesect-Chill;0649_04;Bug;Steel;Genesect-Chill;71;120;95;120;95;99
Chespin;0650;Grass;Grass;Chespin;56;61;65;48;45;38
Quilladin;0651;Grass;Grass;Quilladin;61;78;95;56;58;57
Chesnaught;0652;Grass;Fighting;Chesnaught;88;107;122;74;75;64
Fennekin;0653;Fire;Fire;Fennekin;40;45;40;62;60;60
Braixen;0654;Fire;Fire;Braixen;59;59;58;90;70;73
Delphox;0655;Fire;Psychic;Delphox;75;69;72;114;100;104
Froakie;0656;Water;Water;Froakie;41;56;40;62;44;71
Frogadier;0657;Water;Water;Frogadier;54;63;52;83;56;97
Greninja;0658;Water;Dark;Greninja;72;95;67;103;71;122
Bunnelby;0659;Normal;Normal;Bunnelby;38;36;38;32;36;57
Diggersby;0660;Normal;Ground;Diggersby;85;56;77;50;77;78
Fletchling;0661;Normal;Flying;Fletchling;45;50;43;40;38;62
Fletchinder;0662;Fire;Flying;Fletchinder;62;73;55;56;52;84
Talonflame;0663;Fire;Flying;Talonflame;78;81;71;74;69;126
Scatterbug;0664;Bug;Bug;Scatterbug;38;35;40;27;25;35
Spewpa;0665;Bug;Bug;Spewpa;45;22;60;27;30;29
Vivillon;0666;Bug;Flying;Vivillon;80;52;50;90;50;89
Litleo;0667;Fire;Normal;Litleo;62;50;58;73;54;72
Pyroar;0668;Fire;Normal;Pyroar;86;68;72;109;66;106
Flabébé;0669;Fairy;Fairy;Flabébé;44;38;39;61;79;42
Floette;0670;Fairy;Fairy;Floette;54;45;47;75;98;52
Florges;0671;Fairy;Fairy;Florges;78;65;68;112;154;75
Skiddo;0672;Grass;Grass;Skiddo;66;65;48;62;57;52
Gogoat;0673;Grass;Grass;Gogoat;123;100;62;97;81;68
Pancham;0674;Fighting;Fighting;Pancham;67;82;62;46;48;43
Pangoro;0675;Fighting;Dark;Pangoro;95;124;78;69;71;58
Furfrou;0676;Normal;Normal;Furfrou;75;80;60;65;90;102
Espurr;0677;Psychic;Psychic;Espurr;62;48;54;63;60;68
Meowstic;0678;Psychic;Psychic;Meowstic;74;48;76;83;81;104
Meowstic-F;0678_01;Psychic;Psychic;Meowstic-F;74;48;76;83;81;104
Honedge;0679;Steel;Ghost;Honedge;45;80;100;35;37;28
Doublade;0680;Steel;Ghost;Doublade;59;110;150;45;49;35
Aegislash-Shield;0681;Steel;Ghost;Aegislash;60;50;140;50;140;60
Aegislash-Blade;0681_01;Steel;Ghost;Aegislash;60;140;50;140;50;60
Spritzee;0682;Fairy;Fairy;Spritzee;78;52;60;63;65;23
Aromatisse;0683;Fairy;Fairy;Aromatisse;101;72;72;99;89;29
Swirlix;0684;Fairy;Fairy;Swirlix;62;48;66;59;57;49
Slurpuff;0685;Fairy;Fairy;Slurpuff;82;80;86;85;75;72
Inkay;0686;Dark;Psychic;Inkay;53;54;53;37;46;45
Malamar;0687;Dark;Psychic;Malamar;86;92;88;68;75;73
Binacle;0688;Rock;Water;Binacle;42;52;67;39;56;50
Barbaracle;0689;Rock;Water;Barbaracle;72;105;115;54;86;68
Skrelp;0690;Poison;Water;Skrelp;50;60;60;60;60;30
Dragalge;0691;Poison;Dragon;Dragalge;65;75;90;97;123;44
Clauncher;0692;Water;Water;Clauncher;50;53;62;58;63;44
Clawitzer;0693;Water;Water;Clawitzer;71;73;88;120;89;59
Helioptile;0694;Electric;Normal;Helioptile;44;38;33;61;43;70
Heliolisk;0695;Electric;Normal;Heliolisk;62;55;52;109;94;109
Tyrunt;0696;Rock;Dragon;Tyrunt;58;89;77;45;45;48
Tyrantrum;0697;Rock;Dragon;Tyrantrum;82;121;119;69;59;71
Amaura;0698;Rock;Ice;Amaura;77;59;50;67;63;46
Aurorus;0699;Rock;Ice;Aurorus;123;77;72;99;92;58
Sylveon;0700;Fairy;Fairy;Sylveon;95;65;65;110;130;60
Hawlucha;0701;Fighting;Flying;Hawlucha;78;92;75;74;63;118
Dedenne;0702;Electric;Fairy;Dedenne;67;58;57;81;67;101
Carbink;0703;Rock;Fairy;Carbink;50;50;150;50;150;50
Goomy;0704;Dragon;Dragon;Goomy;45;50;35;55;75;40
Sliggoo;0705;Dragon;Dragon;Sliggoo;68;75;53;83;113;60
Sliggoo-Hisui;0705_01;Steel;Dragon;Sliggoo-Hisui;58;75;83;83;113;40
Goodra;0706;Dragon;Dragon;Goodra;90;100;70;110;150;80
Goodra-Hisui;0706_01;Steel;Dragon;Goodra-Hisui;80;100;100;110;150;60
Klefki;0707;Steel;Fairy;Klefki;57;80;91;80;87;75
Phantump;0708;Ghost;Grass;Phantump;43;70;48;50;60;38
Trevenant;0709;Ghost;Grass;Trevenant;85;110;76;65;82;56
Pumpkaboo;0710;Ghost;Grass;Pumpkaboo;49;66;70;44;55;51
Pumpkaboo-Small;0710;Ghost;Grass;Pumpkaboo-Small;44;66;70;44;55;56
Pumpkaboo-Large;0710;Ghost;Grass;Pumpkaboo-Large;54;66;70;44;55;46
Pumpkaboo-Super;0710;Ghost;Grass;Pumpkaboo-Super;59;66;70;44;55;41
Gourgeist;0711;Ghost;Grass;Gourgeist;65;90;122;58;75;84
Gourgeist-Small;0711;Ghost;Grass;Gourgeist-Small;55;85;122;58;75;99
Gourgeist-Large;0711;Ghost;Grass;Gourgeist-Large;75;95;122;58;75;69
Gourgeist-Super;0711;Ghost;Grass;Gourgeist-Super;85;100;122;58;75;54
Bergmite;0712;Ice;Ice;Bergmite;55;69;85;32;35;28
Avalugg;0713;Ice;Ice;Avalugg;95;117;184;44;46;28
Avalugg-Hisui;0713_01;Ice;Rock;Avalugg-Hisui;95;127;184;34;36;38
Noibat;0714;Flying;Dragon;Noibat;40;30;35;45;40;55
Noivern;0715;Flying;Dragon;Noivern;85;70;80;97;80;123
Xerneas;0716;Fairy;Fairy;Xerneas;126;131;95;131;98;99
Xerneas-Neutral;0716_01;Fairy;Fairy;Xerneas;126;131;95;131;98;99
Yveltal;0717;Dark;Flying;Yveltal;126;131;95;131;98;99
Zygarde-50%;0718;Dragon;Ground;Zygarde-50%;108;100;121;81;95;95
Zygarde-10%;0718_01;Dragon;Ground;Zygarde-10%;54;100;71;61;85;115
Zygarde-Complete;0718_02;Dragon;Ground;Zygarde-Complete;216;100;121;91;95;85
Diancie;0719;Rock;Fairy;Diancie;50;100;150;100;150;50
Hoopa-Confined;0720;Psychic;Ghost;Hoopa-Confined;80;110;60;150;130;70
Hoopa-Unbound;0720_01;Psychic;Dark;Hoopa-Unbound;80;160;60;170;130;80
Volcanion;0721;Fire;Water;Volcanion;80;110;120;130;90;70
Rowlet;0722;Grass;Flying;Rowlet;68;55;55;50;50;42
Dartrix;0723;Grass;Flying;Dartrix;78;75;75;70;70;52
Decidueye;0724;Grass;Ghost;Decidueye;78;107;75;100;100;70
Decidueye-Hisui;0724_01;Grass;Fighting;Decidueye-Hisui;88;112;80;95;95;60
Litten;0725;Fire;Fire;Litten;45;65;40;60;40;70
Torracat;0726;Fire;Fire;Torracat;65;85;50;80;50;90
Incineroar;0727;Fire;Dark;Incineroar;95;115;90;80;90;60
Popplio;0728;Water;Water;Popplio;50;54;54;66;56;40
Brionne;0729;Water;Water;Brionne;60;69;69;91;81;50
Primarina;0730;Water;Fairy;Primarina;80;74;74;126;116;60
Pikipek;0731;Normal;Flying;Pikipek;35;75;30;30;30;65
Trumbeak;0732;Normal;Flying;Trumbeak;55;85;50;40;50;75
Toucannon;0733;Normal;Flying;Toucannon;80;120;75;75;75;60
Yungoos;0734;Normal;Normal;Yungoos;48;70;30;30;30;45
Gumshoos;0735;Normal;Normal;Gumshoos;88;110;60;55;60;45
Grubbin;0736;Bug;Bug;Grubbin;47;62;45;55;45;46
Charjabug;0737;Bug;Electric;Charjabug;57;82;95;55;75;36
Vikavolt;0738;Bug;Electric;Vikavolt;77;70;90;145;75;43
Crabrawler;0739;Fighting;Fighting;Crabrawler;47;82;57;42;47;63
Crabominable;0740;Fighting;Ice;Crabominable;97;132;77;62;67;43
Oricorio;0741;Fire;Flying;Oricorio-Baile;75;70;70;98;70;93
Oricorio-Pom-Pom;0741_01;Electric;Flying;Oricorio-Pom-Pom;75;70;70;98;70;93
Oricorio-Pa'u;0741_02;Psychic;Flying;Oricorio-Pa'u;75;70;70;98;70;93
Oricorio-Sensu;0741_03;Ghost;Flying;Oricorio-Sensu;75;70;70;98;70;93
Cutiefly;0742;Bug;Fairy;Cutiefly;40;45;40;55;40;84
Ribombee;0743;Bug;Fairy;Ribombee;60;55;60;95;70;124
Rockruff;0744;Rock;Rock;Rockruff;45;65;40;30;40;60
Lycanroc;0745;Rock;Rock;Lycanroc;75;115;65;55;65;112
Lycanroc-Midnight;0745_01;Rock;Rock;Lycanroc-Midnight;85;115;75;55;75;82
Lycanroc-Dusk;0745_02;Rock;Rock;Lycanroc-Dusk;75;117;65;55;65;110
Wishiwashi;0746;Water;Water;Wishiwashi;45;20;20;25;25;40
Wishiwashi-School;0746_01;Water;Water;Wishiwashi-School;45;140;130;140;135;30
Mareanie;0747;Poison;Water;Mareanie;50;53;62;43;52;45
Toxapex;0748;Poison;Water;Toxapex;50;63;152;53;142;35
Mudbray;0749;Ground;Ground;Mudbray;70;100;70;45;55;45
Mudsdale;0750;Ground;Ground;Mudsdale;100;125;100;55;85;35
Dewpider;0751;Water;Bug;Dewpider;38;40;52;40;72;27
Araquanid;0752;Water;Bug;Araquanid;68;70;92;50;132;42
Fomantis;0753;Grass;Grass;Fomantis;40;55;35;50;35;35
Lurantis;0754;Grass;Grass;Lurantis;70;105;90;80;90;45
Morelull;0755;Grass;Fairy;Morelull;40;35;55;65;75;15
Shiinotic;0756;Grass;Fairy;Shiinotic;60;45;80;90;100;30
Salandit;0757;Poison;Fire;Salandit;48;44;40;71;40;77
Salazzle;0758;Poison;Fire;Salazzle;68;64;60;111;60;117
Stufful;0759;Normal;Fighting;Stufful;70;75;50;45;50;50
Bewear;0760;Normal;Fighting;Bewear;120;125;80;55;60;60
Bounsweet;0761;Grass;Grass;Bounsweet;42;30;38;30;38;32
Steenee;0762;Grass;Grass;Steenee;52;40;48;40;48;62
Tsareena;0763;Grass;Grass;Tsareena;72;120;98;50;98;72
Comfey;0764;Fairy;Fairy;Comfey;51;52;90;82;110;100
Oranguru;0765;Normal;Psychic;Oranguru;90;60;80;90;110;60
Passimian;0766;Fighting;Fighting;Passimian;100;120;90;40;60;80
Wimpod;0767;Bug;Water;Wimpod;25;35;40;20;30;80
Golisopod;0768;Bug;Water;Golisopod;75;125;140;60;90;40
Sandygast;0769;Ghost;Ground;Sandygast;55;55;80;70;45;15
Palossand;0770;Ghost;Ground;Palossand;85;75;110;100;75;35
Pyukumuku;0771;Water;Water;Pyukumuku;55;60;130;30;130;5
Type:Null;0772;Normal;Normal;Type:Null;95;95;95;95;95;59
Silvally;0773;Normal;Normal;Silvally;95;95;95;95;95;95
Minior;0774;Rock;Flying;Minior;60;100;60;100;60;120
Minior-Meteor;0774_01;Rock;Flying;Minior-Meteor;60;60;100;60;100;60
Komala;0775;Normal;Normal;Komala;65;115;65;75;95;65
Turtonator;0776;Fire;Dragon;Turtonator;60;78;135;91;85;36
Togedemaru;0777;Electric;Steel;Togedemaru;65;98;63;40;73;96
Mimikyu;0778;Ghost;Fairy;Mimikyu;55;90;80;50;105;96
Bruxish;0779;Water;Psychic;Bruxish;68;105;70;70;70;92
Drampa;0780;Normal;Dragon;Drampa;78;60;85;135;91;36
Dhelmise;0781;Ghost;Grass;Dhelmise;70;131;100;86;90;40
Jangmo-o;0782;Dragon;Dragon;Jangmo-o;45;55;65;45;45;45
Hakamo-o;0783;Dragon;Fighting;Hakamo-o;55;75;90;65;70;65
Kommo-o;0784;Dragon;Fighting;Kommo-o;75;110;125;100;105;85
Tapu Koko;0785;Electric;Fairy;Tapu Koko;70;115;85;95;75;130
Tapu Lele;0786;Psychic;Fairy;Tapu Lele;70;85;75;130;115;95
Tapu Bulu;0787;Grass;Fairy;Tapu Bulu;70;130;115;85;95;75
Tapu Fini;0788;Water;Fairy;Tapu Fini;70;75;115;95;130;85
Cosmog;0789;Psychic;Psychic;Cosmog;43;29;31;29;31;37
Cosmoem;0790;Psychic;Psychic;Cosmoem;43;29;131;29;131;37
Solgaleo;0791;Psychic;Steel;Solgaleo;137;137;107;113;89;97
Lunala;0792;Psychic;Ghost;Lunala;137;113;89;137;107;97
Nihilego;0793;Rock;Poison;Nihilego;109;53;47;127;131;103
Buzzwole;0794;Bug;Fighting;Buzzwole;107;139;139;53;53;79
Pheromosa;0795;Bug;Fighting;Pheromosa;71;137;37;137;37;151
Xurkitree;0796;Electric;Electric;Xurkitree;83;89;71;173;71;83
Celesteela;0797;Steel;Flying;Celesteela;97;101;103;107;101;61
Kartana;0798;Grass;Steel;Kartana;59;181;131;59;31;109
Guzzlord;0799;Dark;Dragon;Guzzlord;223;101;53;97;53;43
Necrozma;0800;Psychic;Psychic;Necrozma;97;107;101;127;89;79
Necrozma-Dusk-Mane;0800_01;Psychic;Steel;Necrozma-Dusk-Mane;97;157;127;113;109;77
Necrozma-Dawn-Wings;0800_02;Psychic;Ghost;Necrozma-Dawn-Wings;97;113;109;157;127;77
Magearna;0801;Steel;Fairy;Magearna;80;95;115;130;115;65
Marshadow;0802;Fighting;Ghost;Marshadow;90;125;80;90;90;125
Poipole;0803;Poison;Poison;Poipole;67;73;67;73;67;73
Naganadel;0804;Poison;Dragon;Naganadel;73;73;73;127;73;121
Stakataka;0805;Rock;Steel;Stakataka;61;131;211;53;101;13
Blacephalon;0806;Fire;Ghost;Blacephalon;53;127;53;151;79;107
Zeraora;0807;Electric;Electric;Zeraora;88;112;75;102;80;143
Meltan;0808;Steel;Steel;Meltan;46;65;65;55;35;34
Melmetal;0809;Steel;Steel;Melmetal;135;143;143;80;65;34
Grookey;0810;Grass;Grass;Grookey;50;65;50;40;40;65
Thwackey;0811;Grass;Grass;Thwackey;70;85;70;55;60;80
Rillaboom;0812;Grass;Grass;Rillaboom;100;125;90;60;70;85
Scorbunny;0813;Fire;Fire;Scorbunny;50;71;40;40;40;69
Raboot;0814;Fire;Fire;Raboot;65;86;60;55;60;94
Cinderace;0815;Fire;Fire;Cinderace;80;116;75;65;75;119
Sobble;0816;Water;Water;Sobble;50;40;40;70;40;70
Drizzile;0817;Water;Water;Drizzile;65;60;55;95;55;90
Inteleon;0818;Water;Water;Inteleon;70;85;65;125;65;120
Skwovet;0819;Normal;Normal;Skwovet;70;55;55;35;35;25
Greedent;0820;Normal;Normal;Greedent;120;95;95;55;75;20
Rookidee;0821;Flying;Flying;Rookidee;38;47;35;33;35;57
Corvisquire;0822;Flying;Flying;Corvisquire;68;67;55;43;55;77
Corviknight;0823;Flying;Steel;Corviknight;98;87;105;53;85;67
Blipbug;0824;Bug;Bug;Blipbug;25;20;20;25;45;45
Dottler;0825;Bug;Psychic;Dottler;50;35;80;50;90;30
Orbeetle;0826;Bug;Psychic;Orbeetle;60;45;110;80;120;90
Nickit;0827;Dark;Dark;Nickit;40;28;28;47;52;50
Thievul;0828;Dark;Dark;Thievul;70;58;58;87;92;90
Gossifleur;0829;Grass;Grass;Gossifleur;40;40;60;40;60;10
Eldegoss;0830;Grass;Grass;Eldegoss;60;50;90;80;120;60
Wooloo;0831;Normal;Normal;Wooloo;42;40;55;40;45;48
Dubwool;0832;Normal;Normal;Dubwool;72;80;100;60;90;88
Chewtle;0833;Water;Water;Chewtle;50;64;50;38;38;44
Drednaw;0834;Water;Rock;Drednaw;90;115;90;48;68;74
Yamper;0835;Electric;Electric;Yamper;59;45;50;40;50;26
Boltund;0836;Electric;Electric;Boltund;69;90;60;90;60;121
Rolycoly;0837;Rock;Rock;Rolycoly;30;40;50;40;50;30
Carkol;0838;Rock;Fire;Carkol;80;60;90;60;70;50
Coalossal;0839;Rock;Fire;Coalossal;110;80;120;80;90;30
Applin;0840;Grass;Dragon;Applin;40;40;80;40;40;20
Flapple;0841;Grass;Dragon;Flapple;70;110;80;95;60;70
Appletun;0842;Grass;Dragon;Appletun;110;85;80;100;80;30
Silicobra;0843;Ground;Ground;Silicobra;52;57;75;35;50;46
Sandaconda;0844;Ground;Ground;Sandaconda;72;107;125;65;70;71
Cramorant;0845;Flying;Water;Cramorant;70;85;55;85;95;85
Cramorant-Gulping;0845_01;Flying;Water;Cramorant;70;85;55;85;95;85
Cramorant-Gorging;0845_02;Flying;Water;Cramorant;70;85;55;85;95;85
Arrokuda;0846;Water;Water;Arrokuda;41;63;40;40;30;66
Barraskewda;0847;Water;Water;Barraskewda;61;123;60;60;50;136
Toxel;0848;Electric;Poison;Toxel;40;38;35;54;35;40
Toxtricity;0849;Electric;Poison;Toxtricity;75;98;70;114;70;75
Toxtricity-Low-Key;0849_01;Electric;Poison;Toxtricity;75;98;70;114;70;75
Sizzlipede;0850;Fire;Bug;Sizzlipede;50;65;45;50;50;45
Centiskorch;0851;Fire;Bug;Centiskorch;100;115;65;90;90;65
Clobbopus;0852;Fighting;Fighting;Clobbopus;50;68;60;50;50;32
Grapploct;0853;Fighting;Fighting;Grapploct;80;118;90;70;80;42
Sinistea;0854;Ghost;Ghost;Sinistea;40;45;45;74;54;50
Polteageist;0855;Ghost;Ghost;Polteageist;60;65;65;134;114;70
Hatenna;0856;Psychic;Psychic;Hatenna;42;30;45;56;53;39
Hattrem;0857;Psychic;Psychic;Hattrem;57;40;65;86;73;49
Hatterene;0858;Psychic;Fairy;Hatterene;57;90;95;136;103;29
Impidimp;0859;Dark;Fairy;Impidimp;45;45;30;55;40;50
Morgrem;0860;Dark;Fairy;Morgrem;65;60;45;75;55;70
Grimmsnarl;0861;Dark;Fairy;Grimmsnarl;95;120;65;95;75;60
Obstagoon;0862;Dark;Normal;Obstagoon;93;90;101;60;81;95
Perrserker;0863;Steel;Steel;Perrserker;70;110;100;50;60;50
Cursola;0864;Ghost;Ghost;Cursola;60;95;50;145;130;30
Sirfetch'd;0865;Fighting;Fighting;Sirfetch'd;62;135;95;68;82;65
Mr.Rime;0866;Ice;Psychic;Mr.Rime;80;85;75;110;100;70
Runerigus;0867;Ground;Ghost;Runerigus;58;95;145;50;105;30
Milcery;0868;Fairy;Fairy;Milcery;45;40;40;50;61;34
Alcremie;0869;Fairy;Fairy;Alcremie;65;60;75;110;121;64
Falinks;0870;Fighting;Fighting;Falinks;65;100;100;70;60;75
Pincurchin;0871;Electric;Electric;Pincurchin;48;101;95;91;85;15
Snom;0872;Ice;Bug;Snom;30;25;35;45;30;20
Frosmoth;0873;Ice;Bug;Frosmoth;70;65;60;125;90;65
Stonjourner;0874;Rock;Rock;Stonjourner;100;125;135;20;20;70
Eiscue;0875;Ice;Ice;Eiscue;75;80;110;65;90;50
Eiscue-Noice;0875_01;Ice;Ice;Eiscue-Noice;75;80;70;65;50;130
Indeedee;0876;Psychic;Normal;Indeedee;60;65;55;105;95;95
Indeedee-F;0876_01;Psychic;Normal;Indeedee-F;70;55;65;95;105;85
Morpeko;0877;Electric;Dark;Morpeko;58;95;58;70;58;97
Morpeko-Hangry;0877_01;Electric;Dark;Morpeko;58;95;58;70;58;97
Cufant;0878;Steel;Steel;Cufant;72;80;49;40;49;40
Copperajah;0879;Steel;Steel;Copperajah;122;130;69;80;69;30
Dracozolt;0880;Electric;Dragon;Dracozolt;90;100;90;80;70;75
Arctozolt;0881;Electric;Ice;Arctozolt;90;100;90;90;80;55
Dracovish;0882;Water;Dragon;Dracovish;90;90;100;70;80;75
Arctovish;0883;Water;Ice;Arctovish;90;90;100;80;90;55
Duraludon;0884;Steel;Dragon;Duraludon;70;95;115;120;50;85
Dreepy;0885;Dragon;Ghost;Dreepy;28;60;30;40;30;82
Drakloak;0886;Dragon;Ghost;Drakloak;68;80;50;60;50;102
Dragapult;0887;Dragon;Ghost;Dragapult;88;120;75;100;75;142
Zacian;0888;Fairy;Fairy;Zacian;92;120;115;80;115;138
Zacian-Crowned;0888_01;Fairy;Steel;Zacian-Crowned;92;150;115;80;115;148
Zamazenta;0889;Fighting;Fighting;Zamazenta;92;120;115;80;115;138
Zamazenta-Crowned;0889_01;Fighting;Steel;Zamazenta-Crowned;92;120;140;80;140;128
Eternatus;0890;Poison;Dragon;Eternatus;140;85;95;145;95;130
Kubfu;0891;Fighting;Fighting;Kubfu;60;90;60;53;50;72
Urshifu;0892;Fighting;Dark;Urshifu-Dark;100;130;100;63;60;97
Urshifu-Rapid-Strike;0892;Fighting;Water;Urshifu-Water;100;130;100;63;60;97
Zarude;0893;Dark;Grass;Zarude;105;120;105;70;95;105
Regieleki;0894;Electric;Electric;Regieleki;80;100;50;100;50;200
Regidrago;0895;Dragon;Dragon;Regidrago;200;100;50;100;50;80
Glastrier;0896;Ice;Ice;Glastrier;100;145;130;65;110;30
Spectrier;0897;Ghost;Ghost;Spectrier;100;65;60;145;80;130
Calyrex;0898;Psychic;Grass;Calyrex;100;80;80;80;80;80
Calyrex-Ice-Rider;0898_01;Psychic;Ice;Calyrex-Ice-Rider;100;165;150;85;130;50
Calyrex-Shadow-Rider;0898_02;Psychic;Ghost;Calyrex-Shadow-Rider;100;85;80;165;100;150
Wyrdeer;0899;Normal;Psychic;Wyrdeer;103;105;72;105;75;65
Kleavor;0900;Bug;Rock;Kleavor;70;130;95;45;75;85
Ursaluna;0901;Ground;Normal;Ursaluna;130;140;105;45;80;50
Ursaluna-Bloodmoon;0901_01;Ground;Normal;Ursaluna-Bloodmoon;113;70;120;135;65;52
Basculegion;0902;Water;Ghost;Basculegion;120;112;65;80;75;78
Basculegion-F;0902_01;Water;Ghost;Basculegion-F;120;92;65;100;75;78
Sneasler;0903;Fighting;Poison;Sneasler;80;130;60;40;80;120
Overqwil;0904;Dark;Poison;Overqwil;85;115;95;65;65;85
Enamorus;0905;Fairy;Flying;Enamorus-Incarnate;74;115;70;135;80;106
Enamorus-Therian;0905_01;Fairy;Flying;Enamorus-Therian;74;115;110;135;100;46
Sprigatito;0906;Grass;Grass;Sprigatito;40;61;54;45;45;65
Floragato;0907;Grass;Grass;Floragato;61;80;63;60;63;83
Meowscarada;0908;Grass;Dark;Meowscarada;76;110;70;81;70;123
Fuecoco;0909;Fire;Fire;Fuecoco;67;45;59;63;40;36
Crocalor;0910;Fire;Fire;Crocalor;81;55;78;90;58;49
Skeledirge;0911;Fire;Ghost;Skeledirge;104;75;100;110;75;66
Quaxly;0912;Water;Water;Quaxly;55;65;45;50;45;50
Quaxwell;0913;Water;Water;Quaxwell;70;85;65;65;60;65
Quaquaval;0914;Water;Fighting;Quaquaval;85;120;80;85;75;85
Lechonk;0915;Normal;Normal;Lechonk;54;45;40;35;45;35
Oinkologne;0916;Normal;Normal;Oinkologne;110;100;75;59;80;65
Oinkologne-F;0916_01;Normal;Normal;Oinkologne-F;115;90;70;59;90;65
Tarountula;0917;Bug;Bug;Tarountula;35;41;45;29;40;20
Spidops;0918;Bug;Bug;Spidops;60;79;92;52;86;35
Nymble;0919;Bug;Bug;Nymble;33;46;40;21;25;45
Lokix;0920;Bug;Dark;Lokix;71;102;78;52;55;92
Pawmi;0921;Electric;Electric;Pawmi;45;50;20;40;25;60
Pawmo;0922;Electric;Fighting;Pawmo;60;75;40;50;40;85
Pawmot;0923;Electric;Fighting;Pawmot;70;115;70;70;60;105
Tandemaus;0924;Normal;Normal;Tandemaus;50;50;45;40;45;75
Maushold;0925;Normal;Normal;Maushold;74;75;70;65;75;111
Maushold-Four;0925_01;Normal;Normal;Maushold-Four;74;75;70;65;75;111
Fidough;0926;Fairy;Fairy;Fidough;37;55;70;30;55;65
Dachsbun;0927;Fairy;Fairy;Dachsbun;57;80;115;50;80;95
Smoliv;0928;Grass;Normal;Smoliv;41;35;45;58;51;30
Dolliv;0929;Grass;Normal;Dolliv;52;53;60;78;78;33
Arboliva;0930;Grass;Normal;Arboliva;78;69;90;125;109;39
Squawkabilly;0931;Normal;Flying;Squawkabilly;82;96;51;45;51;92
Squawkabilly-Blue;0931_01;Normal;Flying;Squawkabilly;82;96;51;45;51;92
Squawkabilly-Yellow;0931_02;Normal;Flying;Squawkabilly;82;96;51;45;51;92
Squawkabilly-White;0931_03;Normal;Flying;Squawkabilly;82;96;51;45;51;92
Nacli;0932;Rock;Rock;Nacli;55;55;75;35;35;25
Naclstack;0933;Rock;Rock;Naclstack;60;60;100;35;65;35
Garganacl;0934;Rock;Rock;Garganacl;100;100;130;45;90;35
Charcadet;0935;Fire;Fire;Charcadet;40;50;40;50;40;35
Armarouge;0936;Fire;Psychic;Armarouge;85;60;100;125;80;75
Ceruledge;0937;Fire;Ghost;Ceruledge;75;125;80;60;100;85
Tadbulb;0938;Electric;Electric;Tadbulb;61;31;41;59;35;45
Bellibolt;0939;Electric;Electric;Bellibolt;109;64;91;103;83;45
Wattrel;0940;Electric;Flying;Wattrel;40;40;35;55;40;70
Kilowattrel;0941;Electric;Flying;Kilowattrel;70;70;60;105;60;125
Maschiff;0942;Dark;Dark;Maschiff;60;78;60;40;51;51
Mabosstiff;0943;Dark;Dark;Mabosstiff;80;120;90;60;70;85
Shroodle;0944;Poison;Normal;Shroodle;40;65;35;40;35;75
Grafaiai;0945;Poison;Normal;Grafaiai;63;95;65;80;72;110
Bramblin;0946;Grass;Ghost;Bramblin;40;65;30;45;35;60
Brambleghast;0947;Grass;Ghost;Brambleghast;55;115;70;80;70;90
Toedscool;0948;Ground;Grass;Toedscool;40;40;35;50;100;70
Toedscruel;0949;Ground;Grass;Toedscruel;80;70;65;80;120;100
Klawf;0950;Rock;Rock;Klawf;70;100;115;35;55;75
Capsakid;0951;Grass;Grass;Capsakid;50;62;40;62;40;50
Scovillain;0952;Grass;Fire;Scovillain;65;108;65;108;65;75
Rellor;0953;Bug;Bug;Rellor;41;50;60;31;58;30
Rabsca;0954;Bug;Psychic;Rabsca;75;50;85;115;100;45
Flittle;0955;Psychic;Psychic;Flittle;30;35;30;55;30;75
Espathra;0956;Psychic;Psychic;Espathra;95;60;60;101;60;105
Tinkatink;0957;Fairy;Steel;Tinkatink;50;45;45;35;64;58
Tinkatuff;0958;Fairy;Steel;Tinkatuff;65;55;55;45;82;78
Tinkaton;0959;Fairy;Steel;Tinkaton;85;75;77;70;105;94
Wiglett;0960;Water;Water;Wiglett;10;55;25;35;25;95
Wugtrio;0961;Water;Water;Wugtrio;35;100;50;50;70;120
Bombirdier;0962;Flying;Dark;Bombirdier;70;103;85;60;85;82
Finizen;0963;Water;Water;Finizen;70;45;40;45;40;75
Palafin;0964;Water;Water;Palafin;100;70;72;53;62;100
Palafin-Hero;0964_01;Water;Water;Palafin;100;160;97;106;87;100
Varoom;0965;Steel;Poison;Varoom;45;70;63;30;45;47
Revavroom;0966;Steel;Poison;Revavroom;80;119;90;54;67;90
Cyclizar;0967;Dragon;Normal;Cyclizar;70;95;65;85;65;121
Orthworm;0968;Steel;Steel;Orthworm;70;85;145;60;55;65
Glimmet;0969;Rock;Poison;Glimmet;48;35;42;105;60;60
Glimmora;0970;Rock;Poison;Glimmora;83;55;90;130;81;86
Greavard;0971;Ghost;Ghost;Greavard;50;61;60;30;55;34
Houndstone;0972;Ghost;Ghost;Houndstone;72;101;100;50;97;68
Flamigo;0973;Flying;Fighting;Flamigo;82;115;74;75;64;90
Cetoddle;0974;Ice;Ice;Cetoddle;108;68;45;30;40;43
Cetitan;0975;Ice;Ice;Cetitan;170;113;65;45;55;73
Veluza;0976;Water;Psychic;Veluza;90;102;73;78;65;70
Dondozo;0977;Water;Water;Dondozo;150;100;115;65;65;35
Tatsugiri;0978;Dragon;Water;Tatsugiri-Curly;68;50;60;120;95;82
Tatsugiri-Droopy;0978_01;Dragon;Water;Tatsugiri-Droopy;68;50;60;120;95;82
Tatsugiri-Stretchy;0978_02;Dragon;Water;Tatsugiri-Stretchy;68;50;60;120;95;82
Annihilape;0979;Fighting;Ghost;Annihilape;110;115;80;50;90;90
Clodsire;0980;Poison;Ground;Clodsire;130;75;60;45;100;20
Farigiraf;0981;Normal;Psychic;Farigiraf;120;90;70;110;70;60
Dudunsparce;0982;Normal;Normal;Dudunsparce;125;100;80;85;75;55
Dudunsparce-Three-Segment;0982_01;Normal;Normal;Dudunsparce;125;100;80;85;75;55
Kingambit;0983;Dark;Steel;Kingambit;100;135;120;60;85;50
Great Tusk;0984;Ground;Fighting;Great Tusk;115;131;131;53;53;87
Scream Tail;0985;Fairy;Psychic;Scream Tail;115;65;99;65;115;111
Brute Bonnet;0986;Grass;Dark;Brute Bonnet;111;127;99;79;99;55
Flutter Mane;0987;Ghost;Fairy;Flutter Mane;55;55;55;135;135;135
Slither Wing;0988;Bug;Fighting;Slither Wing;85;135;79;85;105;81
Sandy Shocks;0989;Electric;Ground;Sandy Shocks;85;81;97;121;85;101
Iron Treads;0990;Ground;Steel;Iron Treads;90;112;120;72;70;106
Iron Bundle;0991;Ice;Water;Iron Bundle;56;80;114;124;60;136
Iron Hands;0992;Fighting;Electric;Iron Hands;154;140;108;50;68;50
Iron Jugulis;0993;Dark;Flying;Iron Jugulis;94;80;86;122;80;108
Iron Moth;0994;Fire;Poison;Iron Moth;80;70;60;140;110;110
Iron Thorns;0995;Rock;Electric;Iron Thorns;100;134;110;70;84;72
Frigibax;0996;Dragon;Ice;Frigibax;65;75;45;35;45;55
Arctibax;0997;Dragon;Ice;Arctibax;90;95;66;45;65;62
Baxcalibur;0998;Dragon;Ice;Baxcalibur;115;145;92;75;86;87
Gimmighoul;0999;Ghost;Ghost;Gimmighoul;45;30;70;75;70;10
Gimmighoul-Roaming;0999_01;Ghost;Ghost;Gimmighoul;45;30;25;75;45;80
Gholdengo;1000;Steel;Ghost;Gholdengo;87;60;95;133;91;84
Wo-Chien;1001;Dark;Grass;Wo-Chien;85;85;100;95;135;70
Chien-Pao;1002;Dark;Ice;Chien-Pao;80;120;80;90;65;135
Ting-Lu;1003;Dark;Ground;Ting-Lu;155;110;125;55;80;45
Chi-Yu;1004;Dark;Fire;Chi-Yu;55;80;80;135;120;100
Roaring Moon;1005;Dragon;Dark;Roaring Moon;105;139;71;55;101;119
Iron Valiant;1006;Fairy;Fighting;Iron Valiant;74;130;90;120;60;116
Koraidon;1007;Fighting;Dragon;Koraidon;100;135;115;85;100;135
Miraidon;1008;Electric;Dragon;Miraidon;100;85;100;135;115;135
Walking Wake;1009;Water;Dragon;Walking Wake;99;83;91;125;83;109
Iron Leaves;1010;Grass;Psychic;Iron Leaves;90;130;88;70;108;104
Dipplin;1011;Grass;Dragon;Dipplin;80;80;110;95;80;40
Poltchageist;1012;Grass;Ghost;Poltchageist;40;45;45;74;54;50
Sinistcha;1013;Grass;Ghost;Sinistcha;71;60;106;121;80;70
Sinistcha-Masterpiece;1013;Grass;Ghost;Sinistcha;71;60;106;121;80;70
Okidogi;1014;Poison;Fighting;Okidogi;88;128;115;58;86;80
Munkidori;1015;Poison;Psychic;Munkidori;88;75;66;130;90;106
Fezandipiti;1016;Poison;Fairy;Fezandipiti;88;91;82;70;125;99
Ogerpon;1017;Grass;Grass;Ogerpon;80;120;84;60;96;110
Ogerpon-Cornerstone;1017-01;Grass;Grass;Ogerpon-Cornerstone;80;120;84;60;96;110
Ogerpon-Hearthflame;1017-02;Grass;Fire;Ogerpon-Hearthflame;80;120;84;60;96;110
Ogerpon-Wellspring;1017-03;Grass;Water;Ogerpon-Wellspring;80;120;84;60;96;110
Archaludon;;;;Archaludon;;;;;;
RagingBolt;;;;RagingBolt;;;;;;
Iron Crown;;;;Iron Crown;;;;;;
Terapagos;;;;Terapagos;;;;;;
