"Pokémon";"Dex_Number";"Type1";"Type2";"Name_Stream"
"Bulbasaur";"0001";"Grass";"Poison";"Bulbasaur"
"Ivysaur";"0002";"Grass";"Poison";"Ivysaur"
"Venusaur";"0003";"Grass";"Poison";"Venusaur"
"Charmander";"0004";"Fire";"Fire";"Charmander"
"Charmeleon";"0005";"Fire";"Fire";"Charmeleon"
"Charizard";"0006";"Fire";"Flying";"Charizard"
"Charizard-Mega-X";"0006_01";"Fire";"Dragon";"Charizard-Mega-X"
"Charizard-Mega-Y";"0006_02";"Fire";"Flying";"Charizard-Mega-Y"
"Squirtle";"0007";"Water";"Water";"Squirtle"
"Wartortle";"0008";"Water";"Water";"Wartortle"
"Blastoise";"0009";"Water";"Water";"Blastoise"
"Caterpie";"0010";"Bug";"Bug";"Caterpie"
"Metapod";"0011";"Bug";"Bug";"Metapod"
"Butterfree";"0012";"Bug";"Flying";"Butterfree"
"Weedle";"0013";"Bug";"Poison";"Weedle"
"Kakuna";"0014";"Bug";"Poison";"Kakuna"
"Beedrill";"0015";"Bug";"Poison";"Beedrill"
"Pidgey";"0016";"Normal";"Flying";"Pidgey"
"Pidgeotto";"0017";"Normal";"Flying";"Pidgeotto"
"Pidgeot";"0018";"Normal";"Flying";"Pidgeot"
"Rattata";"0019";"Normal";"Normal";"Rattata"
"Rattata-Alola";"0019_01";"Dark";"Normal";"Rattata-Alola"
"Raticate";"0020";"Normal";"Normal";"Raticate"
"Raticate-Alola";"0020_01";"Dark";"Normal";"Raticate-Alola"
"Spearow";"0021";"Normal";"Flying";"Spearow"
"Fearow";"0022";"Normal";"Flying";"Fearow"
"Ekans";"0023";"Poison";"Poison";"Ekans"
"Arbok";"0024";"Poison";"Poison";"Arbok"
"Pikachu";"0025";"Electric";"Electric";"Pikachu"
"Raichu";"0026";"Electric";"Electric";"Raichu"
"Raichu-Alola";"0026_01";"Electric";"Psychic";"Raichu-Alola"
"Sandshrew";"0027";"Ground";"Ground";"Sandshrew"
"Sandshrew-Alola";"0027_01";"Ice";"Steel";"Sandshrew-Alola"
"Sandslash";"0028";"Ground";"Ground";"Sandslash"
"Sandslash-Alola";"0028_01";"Ice";"Steel";"Sandslash-Alola"
"Nidoran♀";"0029";"Poison";"Poison";"Nidoran♀"
"Nidorina";"0030";"Poison";"Poison";"Nidorina"
"Nidoqueen";"0031";"Poison";"Ground";"Nidoqueen"
"Nidoran♂";"0032";"Poison";"Poison";"Nidoran♂"
"Nidorino";"0033";"Poison";"Poison";"Nidorino"
"Nidoking";"0034";"Poison";"Ground";"Nidoking"
"Clefairy";"0035";"Fairy";"Fairy";"Clefairy"
"Clefable";"0036";"Fairy";"Fairy";"Clefable"
"Vulpix";"0037";"Fire";"Fire";"Vulpix"
"Vulpix-Alola";"0037_01";"Ice";"Ice";"Vulpix-Alola"
"Ninetales";"0038";"Fire";"Fire";"Ninetales"
"Ninetales-Alola";"0038_01";"Ice";"Fairy";"Ninetales-Alola"
"Jigglypuff";"0039";"Normal";"Fairy";"Jigglypuff"
"Wigglytuff";"0040";"Normal";"Fairy";"Wigglytuff"
"Zubat";"0041";"Poison";"Flying";"Zubat"
"Golbat";"0042";"Poison";"Flying";"Golbat"
"Oddish";"0043";"Grass";"Poison";"Oddish"
"Gloom";"0044";"Grass";"Poison";"Gloom"
"Vileplume";"0045";"Grass";"Poison";"Vileplume"
"Paras";"0046";"Bug";"Grass";"Paras"
"Parasect";"0047";"Bug";"Grass";"Parasect"
"Venonat";"0048";"Bug";"Poison";"Venonat"
"Venomoth";"0049";"Bug";"Poison";"Venomoth"
"Diglett";"0050";"Ground";"Ground";"Diglett"
"Diglett-Alola";"0050_01";"Ground";"Steel";"Diglett-Alola"
"Dugtrio";"0051";"Ground";"Ground";"Dugtrio"
"Dugtrio-Alola";"0051_01";"Ground";"Steel";"Dugtrio-Alola"
"Meowth";"0052";"Normal";"Normal";"Meowth"
"Meowth-Alola";"0052_01";"Dark";"Dark";"Meowth-Alola"
"Meowth-Galar";"0052_02";"Steel";"Steel";"Meowth-Galar"
"Persian";"0053";"Normal";"Normal";"Persian"
"Persian-Alola";"0053_01";"Dark";"Dark";"Persian-Alola"
"Psyduck";"0054";"Water";"Water";"Psyduck"
"Golduck";"0055";"Water";"Water";"Golduck"
"Mankey";"0056";"Fighting";"Fighting";"Mankey"
"Primeape";"0057";"Fighting";"Fighting";"Primeape"
"Growlithe";"0058";"Fire";"Fire";"Growlithe"
"Growlithe-Hisui";"0058_01";"Fire";"Rock";"Growlithe-Hisui"
"Arcanine";"0059";"Fire";"Fire";"Arcanine"
"Arcanine-Hisui";"0059_01";"Fire";"Rock";"Arcanine-Hisui"
"Poliwag";"0060";"Water";"Water";"Poliwag"
"Poliwhirl";"0061";"Water";"Water";"Poliwhirl"
"Poliwrath";"0062";"Water";"Fighting";"Poliwrath"
"Abra";"0063";"Psychic";"Psychic";"Abra"
"Kadabra";"0064";"Psychic";"Psychic";"Kadabra"
"Alakazam";"0065";"Psychic";"Psychic";"Alakazam"
"Machop";"0066";"Fighting";"Fighting";"Machop"
"Machoke";"0067";"Fighting";"Fighting";"Machoke"
"Machamp";"0068";"Fighting";"Fighting";"Machamp"
"Bellsprout";"0069";"Grass";"Poison";"Bellsprout"
"Weepinbell";"0070";"Grass";"Poison";"Weepinbell"
"Victreebel";"0071";"Grass";"Poison";"Victreebel"
"Tentacool";"0072";"Water";"Poison";"Tentacool"
"Tentacruel";"0073";"Water";"Poison";"Tentacruel"
"Geodude";"0074";"Rock";"Ground";"Geodude"
"Geodude-Alola";"0074_01";"Rock";"Electric";"Geodude-Alola"
"Graveler";"0075";"Rock";"Ground";"Graveler"
"Graveler-Alola";"0075_01";"Rock";"Electric";"Graveler-Alola"
"Golem";"0076";"Rock";"Ground";"Golem"
"Golem-Alola";"0076_01";"Rock";"Electric";"Golem-Alola"
"Ponyta";"0077";"Fire";"Fire";"Ponyta"
"Ponyta-Galar";"0077_01";"Psychic";"Psychic";"Ponyta-Galar"
"Rapidash";"0078";"Fire";"Fire";"Rapidash"
"Rapidash-Galar";"0078_01";"Psychic";"Fairy";"Rapidash-Galar"
"Slowpoke";"0079";"Water";"Psychic";"Slowpoke"
"Slowpoke-Galar";"0079_01";"Psychic";"Psychic";"Slowpoke-Galar"
"Slowbro";"0080";"Water";"Psychic";"Slowbro"
"Slowbro-Galar";"0080_01";"Poison";"Psychic";"Slowbro-Galar"
"Magnemite";"0081";"Electric";"Steel";"Magnemite"
"Magneton";"0082";"Electric";"Steel";"Magneton"
"Farfetch'd";"0083";"Normal";"Flying";"Farfetch'd"
"Farfetch'd-Galar";"0083_01";"Fighting";"Fighting";"Farfetch'd-Galar"
"Doduo";"0084";"Normal";"Flying";"Doduo"
"Dodrio";"0085";"Normal";"Flying";"Dodrio"
"Seel";"0086";"Water";"Water";"Seel"
"Dewgong";"0087";"Water";"Ice";"Dewgong"
"Grimer";"0088";"Poison";"Poison";"Grimer"
"Grimer-Alola";"0088_01";"Poison";"Dark";"Grimer-Alola"
"Muk";"0089";"Poison";"Poison";"Muk"
"Muk-Alola";"0089_01";"Poison";"Dark";"Muk-Alola"
"Shellder";"0090";"Water";"Water";"Shellder"
"Cloyster";"0091";"Water";"Ice";"Cloyster"
"Gastly";"0092";"Ghost";"Poison";"Gastly"
"Haunter";"0093";"Ghost";"Poison";"Haunter"
"Gengar";"0094";"Ghost";"Poison";"Gengar"
"Onix";"0095";"Rock";"Ground";"Onix"
"Drowzee";"0096";"Psychic";"Psychic";"Drowzee"
"Hypno";"0097";"Psychic";"Psychic";"Hypno"
"Krabby";"0098";"Water";"Water";"Krabby"
"Kingler";"0099";"Water";"Water";"Kingler"
"Voltorb";"0100";"Electric";"Electric";"Voltorb"
"Voltorb-Hisui";"0100_01";"Electric";"Grass";"Voltorb-Hisui"
"Electrode";"0101";"Electric";"Electric";"Electrode"
"Electrode-Hisui";"0101_01";"Electric";"Grass";"Electrode-Hisui"
"Exeggcute";"0102";"Grass";"Psychic";"Exeggcute"
"Exeggutor";"0103";"Grass";"Psychic";"Exeggutor"
"Exeggutor-Alola";"0103_01";"Grass";"Dragon";"Exeggutor-Alola"
"Cubone";"0104";"Ground";"Ground";"Cubone"
"Marowak";"0105";"Ground";"Ground";"Marowak"
"Marowak-Alola";"0105_01";"Fire";"Ghost";"Marowak-Alola"
"Hitmonlee";"0106";"Fighting";"Fighting";"Hitmonlee"
"Hitmonchan";"0107";"Fighting";"Fighting";"Hitmonchan"
"Lickitung";"0108";"Normal";"Normal";"Lickitung"
"Koffing";"0109";"Poison";"Poison";"Koffing"
"Weezing";"0110";"Poison";"Poison";"Weezing"
"Weezing-Galar";"0110_01";"Poison";"Fairy";"Weezing-Galar"
"Rhyhorn";"0111";"Ground";"Rock";"Rhyhorn"
"Rhydon";"0112";"Ground";"Rock";"Rhydon"
"Chansey";"0113";"Normal";"Normal";"Chansey"
"Tangela";"0114";"Grass";"Grass";"Tangela"
"Kangaskhan";"0115";"Normal";"Normal";"Kangaskhan"
"Horsea";"0116";"Water";"Water";"Horsea"
"Seadra";"0117";"Water";"Water";"Seadra"
"Goldeen";"0118";"Water";"Water";"Goldeen"
"Seaking";"0119";"Water";"Water";"Seaking"
"Staryu";"0120";"Water";"Water";"Staryu"
"Starmie";"0121";"Water";"Psychic";"Starmie"
"Mr. Mime";"0122";"Psychic";"Fairy";"Mr. Mime"
"Mr. Mime-Galar";"0122_01";"Ice";"Psychic";"Mr. Mime-Galar"
"Scyther";"0123";"Bug";"Flying";"Scyther"
"Jynx";"0124";"Ice";"Psychic";"Jynx"
"Electabuzz";"0125";"Electric";"Electric";"Electabuzz"
"Magmar";"0126";"Fire";"Fire";"Magmar"
"Pinsir";"0127";"Bug";"Bug";"Pinsir"
"Tauros";"0128";"Normal";"Normal";"Tauros"
"Tauros-Paldea-Combat";"0128_01";"Fighting";"Fighting";"Tauros-Paldea-Combat"
"Tauros-Paldea-Blaze";"0128_02";"Fighting";"Fire";"Tauros-Paldea-Blaze"
"Tauros-Paldea-Aqua";"0128_03";"Fighting";"Water";"Tauros-Paldea-Aqua"
"Magikarp";"0129";"Water";"Water";"Magikarp"
"Gyarados";"0130";"Water";"Flying";"Gyarados"
"Lapras";"0131";"Water";"Ice";"Lapras"
"Ditto";"0132";"Normal";"Normal";"Ditto"
"Eevee";"0133";"Normal";"Normal";"Eevee"
"Vaporeon";"0134";"Water";"Water";"Vaporeon"
"Jolteon";"0135";"Electric";"Electric";"Jolteon"
"Flareon";"0136";"Fire";"Fire";"Flareon"
"Porygon";"0137";"Normal";"Normal";"Porygon"
"Omanyte";"0138";"Rock";"Water";"Omanyte"
"Omastar";"0139";"Rock";"Water";"Omastar"
"Kabuto";"0140";"Rock";"Water";"Kabuto"
"Kabutops";"0141";"Rock";"Water";"Kabutops"
"Aerodactyl";"0142";"Rock";"Flying";"Aerodactyl"
"Snorlax";"0143";"Normal";"Normal";"Snorlax"
"Articuno";"0144";"Ice";"Flying";"Articuno"
"Articuno-Galar";"0144_01";"Psychic";"Flying";"Articuno-Galar"
"Zapdos";"0145";"Electric";"Flying";"Zapdos"
"Zapdos-Galar";"0145_01";"Fighting";"Flying";"Zapdos-Galar"
"Moltres";"0146";"Fire";"Flying";"Moltres"
"Moltres-Galar";"0146_01";"Dark";"Flying";"Moltres-Galar"
"Dratini";"0147";"Dragon";"Dragon";"Dratini"
"Dragonair";"0148";"Dragon";"Dragon";"Dragonair"
"Dragonite";"0149";"Dragon";"Flying";"Dragonite"
"Mewtwo";"0150";"Psychic";"Psychic";"Mewtwo"
"Mew";"0151";"Psychic";"Psychic";"Mew"
"Chikorita";"0152";"Grass";"Grass";"Chikorita"
"Bayleef";"0153";"Grass";"Grass";"Bayleef"
"Meganium";"0154";"Grass";"Grass";"Meganium"
"Cyndaquil";"0155";"Fire";"Fire";"Cyndaquil"
"Quilava";"0156";"Fire";"Fire";"Quilava"
"Typhlosion";"0157";"Fire";"Fire";"Typhlosion"
"Typhlosion-Hisui";"0157_01";"Fire";"Ghost";"Typhlosion-Hisui"
"Totodile";"0158";"Water";"Water";"Totodile"
"Croconaw";"0159";"Water";"Water";"Croconaw"
"Feraligatr";"0160";"Water";"Water";"Feraligatr"
"Sentret";"0161";"Normal";"Normal";"Sentret"
"Furret";"0162";"Normal";"Normal";"Furret"
"Hoothoot";"0163";"Normal";"Flying";"Hoothoot"
"Noctowl";"0164";"Normal";"Flying";"Noctowl"
"Ledyba";"0165";"Bug";"Flying";"Ledyba"
"Ledian";"0166";"Bug";"Flying";"Ledian"
"Spinarak";"0167";"Bug";"Poison";"Spinarak"
"Ariados";"0168";"Bug";"Poison";"Ariados"
"Crobat";"0169";"Poison";"Flying";"Crobat"
"Chinchou";"0170";"Water";"Electric";"Chinchou"
"Lanturn";"0171";"Water";"Electric";"Lanturn"
"Pichu";"0172";"Electric";"Electric";"Pichu"
"Cleffa";"0173";"Fairy";"Fairy";"Cleffa"
"Igglybuff";"0174";"Normal";"Fairy";"Igglybuff"
"Togepi";"0175";"Fairy";"Fairy";"Togepi"
"Togetic";"0176";"Fairy";"Flying";"Togetic"
"Natu";"0177";"Psychic";"Flying";"Natu"
"Xatu";"0178";"Psychic";"Flying";"Xatu"
"Mareep";"0179";"Electric";"Electric";"Mareep"
"Flaaffy";"0180";"Electric";"Electric";"Flaaffy"
"Ampharos";"0181";"Electric";"Electric";"Ampharos"
"Bellossom";"0182";"Grass";"Grass";"Bellossom"
"Marill";"0183";"Water";"Fairy";"Marill"
"Azumarill";"0184";"Water";"Fairy";"Azumarill"
"Sudowoodo";"0185";"Rock";"Rock";"Sudowoodo"
"Politoed";"0186";"Water";"Water";"Politoed"
"Hoppip";"0187";"Grass";"Flying";"Hoppip"
"Skiploom";"0188";"Grass";"Flying";"Skiploom"
"Jumpluff";"0189";"Grass";"Flying";"Jumpluff"
"Aipom";"0190";"Normal";"Normal";"Aipom"
"Sunkern";"0191";"Grass";"Grass";"Sunkern"
"Sunflora";"0192";"Grass";"Grass";"Sunflora"
"Yanma";"0193";"Bug";"Flying";"Yanma"
"Wooper";"0194";"Water";"Ground";"Wooper"
"Wooper-Paldea";"0194_01";"Poison";"Ground";"Wooper-Paldea"
"Quagsire";"0195";"Water";"Ground";"Quagsire"
"Espeon";"0196";"Psychic";"Psychic";"Espeon"
"Umbreon";"0197";"Dark";"Dark";"Umbreon"
"Murkrow";"0198";"Dark";"Flying";"Murkrow"
"Slowking";"0199";"Water";"Psychic";"Slowking"
"Slowking-Galar";"0199_01";"Poison";"Psychic";"Slowking-Galar"
"Misdreavus";"0200";"Ghost";"Ghost";"Misdreavus"
"Unown";"0201";"Psychic";"Psychic";"Unown"
"Wobbuffet";"0202";"Psychic";"Psychic";"Wobbuffet"
"Girafarig";"0203";"Normal";"Psychic";"Girafarig"
"Pineco";"0204";"Bug";"Bug";"Pineco"
"Forretress";"0205";"Bug";"Steel";"Forretress"
"Dunsparce";"0206";"Normal";"Normal";"Dunsparce"
"Gligar";"0207";"Ground";"Flying";"Gligar"
"Steelix";"0208";"Steel";"Ground";"Steelix"
"Snubbull";"0209";"Fairy";"Fairy";"Snubbull"
"Granbull";"0210";"Fairy";"Fairy";"Granbull"
"Qwilfish";"0211";"Water";"Poison";"Qwilfish"
"Qwilfish-Hisui";"0211_01";"Dark";"Poison";"Qwilfish-Hisui"
"Scizor";"0212";"Bug";"Steel";"Scizor"
"Shuckle";"0213";"Bug";"Rock";"Shuckle"
"Heracross";"0214";"Bug";"Fighting";"Heracross"
"Sneasel";"0215";"Dark";"Ice";"Sneasel"
"Sneasel-Hisui";"0215_01";"Fighting";"Poison";"Sneasel-Hisui"
"Teddiursa";"0216";"Normal";"Normal";"Teddiursa"
"Ursaring";"0217";"Normal";"Normal";"Ursaring"
"Slugma";"0218";"Fire";"Fire";"Slugma"
"Magcargo";"0219";"Fire";"Rock";"Magcargo"
"Swinub";"0220";"Ice";"Ground";"Swinub"
"Piloswine";"0221";"Ice";"Ground";"Piloswine"
"Corsola";"0222";"Water";"Rock";"Corsola"
"Corsola-Galar";"0222_01";"Ghost";"Ghost";"Corsola-Galar"
"Remoraid";"0223";"Water";"Water";"Remoraid"
"Octillery";"0224";"Water";"Water";"Octillery"
"Delibird";"0225";"Ice";"Flying";"Delibird"
"Mantine";"0226";"Water";"Flying";"Mantine"
"Skarmory";"0227";"Steel";"Flying";"Skarmory"
"Houndour";"0228";"Dark";"Fire";"Houndour"
"Houndoom";"0229";"Dark";"Fire";"Houndoom"
"Kingdra";"0230";"Water";"Dragon";"Kingdra"
"Phanpy";"0231";"Ground";"Ground";"Phanpy"
"Donphan";"0232";"Ground";"Ground";"Donphan"
"Porygon2";"0233";"Normal";"Normal";"Porygon2"
"Stantler";"0234";"Normal";"Normal";"Stantler"
"Smeargle";"0235";"Normal";"Normal";"Smeargle"
"Tyrogue";"0236";"Fighting";"Fighting";"Tyrogue"
"Hitmontop";"0237";"Fighting";"Fighting";"Hitmontop"
"Smoochum";"0238";"Ice";"Psychic";"Smoochum"
"Elekid";"0239";"Electric";"Electric";"Elekid"
"Magby";"0240";"Fire";"Fire";"Magby"
"Miltank";"0241";"Normal";"Normal";"Miltank"
"Blissey";"0242";"Normal";"Normal";"Blissey"
"Raikou";"0243";"Electric";"Electric";"Raikou"
"Entei";"0244";"Fire";"Fire";"Entei"
"Suicune";"0245";"Water";"Water";"Suicune"
"Larvitar";"0246";"Rock";"Ground";"Larvitar"
"Pupitar";"0247";"Rock";"Ground";"Pupitar"
"Tyranitar";"0248";"Rock";"Dark";"Tyranitar"
"Lugia";"0249";"Psychic";"Flying";"Lugia"
"Ho-Oh";"0250";"Fire";"Flying";"Ho-Oh"
"Celebi";"0251";"Psychic";"Grass";"Celebi"
"Treecko";"0252";"Grass";"Grass";"Treecko"
"Grovyle";"0253";"Grass";"Grass";"Grovyle"
"Sceptile";"0254";"Grass";"Grass";"Sceptile"
"Torchic";"0255";"Fire";"Fire";"Torchic"
"Combusken";"0256";"Fire";"Fighting";"Combusken"
"Blaziken";"0257";"Fire";"Fighting";"Blaziken"
"Mudkip";"0258";"Water";"Water";"Mudkip"
"Marshtomp";"0259";"Water";"Ground";"Marshtomp"
"Swampert";"0260";"Water";"Ground";"Swampert"
"Poochyena";"0261";"Dark";"Dark";"Poochyena"
"Mightyena";"0262";"Dark";"Dark";"Mightyena"
"Zigzagoon";"0263";"Normal";"Normal";"Zigzagoon"
"Zigzagoon-Galar";"0263_01";"Dark";"Normal";"Zigzagoon-Galar"
"Linoone";"0264";"Normal";"Normal";"Linoone"
"Linoone-Galar";"0264_01";"Dark";"Normal";"Linoone-Galar"
"Wurmple";"0265";"Bug";"Bug";"Wurmple"
"Silcoon";"0266";"Bug";"Bug";"Silcoon"
"Beautifly";"0267";"Bug";"Flying";"Beautifly"
"Cascoon";"0268";"Bug";"Bug";"Cascoon"
"Dustox";"0269";"Bug";"Poison";"Dustox"
"Lotad";"0270";"Water";"Grass";"Lotad"
"Lombre";"0271";"Water";"Grass";"Lombre"
"Ludicolo";"0272";"Water";"Grass";"Ludicolo"
"Seedot";"0273";"Grass";"Grass";"Seedot"
"Nuzleaf";"0274";"Grass";"Dark";"Nuzleaf"
"Shiftry";"0275";"Grass";"Dark";"Shiftry"
"Taillow";"0276";"Normal";"Flying";"Taillow"
"Swellow";"0277";"Normal";"Flying";"Swellow"
"Wingull";"0278";"Water";"Flying";"Wingull"
"Pelipper";"0279";"Water";"Flying";"Pelipper"
"Ralts";"0280";"Psychic";"Fairy";"Ralts"
"Kirlia";"0281";"Psychic";"Fairy";"Kirlia"
"Gardevoir";"0282";"Psychic";"Fairy";"Gardevoir"
"Surskit";"0283";"Bug";"Water";"Surskit"
"Masquerain";"0284";"Bug";"Flying";"Masquerain"
"Shroomish";"0285";"Grass";"Grass";"Shroomish"
"Breloom";"0286";"Grass";"Fighting";"Breloom"
"Slakoth";"0287";"Normal";"Normal";"Slakoth"
"Vigoroth";"0288";"Normal";"Normal";"Vigoroth"
"Slaking";"0289";"Normal";"Normal";"Slaking"
"Nincada";"0290";"Bug";"Ground";"Nincada"
"Ninjask";"0291";"Bug";"Flying";"Ninjask"
"Shedinja";"0292";"Bug";"Ghost";"Shedinja"
"Whismur";"0293";"Normal";"Normal";"Whismur"
"Loudred";"0294";"Normal";"Normal";"Loudred"
"Exploud";"0295";"Normal";"Normal";"Exploud"
"Makuhita";"0296";"Fighting";"Fighting";"Makuhita"
"Hariyama";"0297";"Fighting";"Fighting";"Hariyama"
"Azurill";"0298";"Normal";"Fairy";"Azurill"
"Nosepass";"0299";"Rock";"Rock";"Nosepass"
"Skitty";"0300";"Normal";"Normal";"Skitty"
"Delcatty";"0301";"Normal";"Normal";"Delcatty"
"Sableye";"0302";"Dark";"Ghost";"Sableye"
"Mawile";"0303";"Steel";"Fairy";"Mawile"
"Aron";"0304";"Steel";"Rock";"Aron"
"LaIron ";"0305";"Steel";"Rock";"LaIron "
"Aggron";"0306";"Steel";"Rock";"Aggron"
"Meditite";"0307";"Fighting";"Psychic";"Meditite"
"Medicham";"0308";"Fighting";"Psychic";"Medicham"
"Electrike";"0309";"Electric";"Electric";"Electrike"
"Manectric";"0310";"Electric";"Electric";"Manectric"
"Plusle";"0311";"Electric";"Electric";"Plusle"
"Minun";"0312";"Electric";"Electric";"Minun"
"Volbeat";"0313";"Bug";"Bug";"Volbeat"
"Illumise";"0314";"Bug";"Bug";"Illumise"
"Roselia";"0315";"Grass";"Poison";"Roselia"
"Gulpin";"0316";"Poison";"Poison";"Gulpin"
"Swalot";"0317";"Poison";"Poison";"Swalot"
"Carvanha";"0318";"Water";"Dark";"Carvanha"
"Sharpedo";"0319";"Water";"Dark";"Sharpedo"
"Wailmer";"0320";"Water";"Water";"Wailmer"
"Wailord";"0321";"Water";"Water";"Wailord"
"Numel";"0322";"Fire";"Ground";"Numel"
"Camerupt";"0323";"Fire";"Ground";"Camerupt"
"Torkoal";"0324";"Fire";"Fire";"Torkoal"
"Spoink";"0325";"Psychic";"Psychic";"Spoink"
"Grumpig";"0326";"Psychic";"Psychic";"Grumpig"
"Spinda";"0327";"Normal";"Normal";"Spinda"
"Trapinch";"0328";"Ground";"Ground";"Trapinch"
"Vibrava";"0329";"Ground";"Dragon";"Vibrava"
"Flygon";"0330";"Ground";"Dragon";"Flygon"
"Cacnea";"0331";"Grass";"Grass";"Cacnea"
"Cacturne";"0332";"Grass";"Dark";"Cacturne"
"Swablu";"0333";"Normal";"Flying";"Swablu"
"Altaria";"0334";"Dragon";"Flying";"Altaria"
"Zangoose";"0335";"Normal";"Normal";"Zangoose"
"Seviper";"0336";"Poison";"Poison";"Seviper"
"Lunatone";"0337";"Rock";"Psychic";"Lunatone"
"Solrock";"0338";"Rock";"Psychic";"Solrock"
"Barboach";"0339";"Water";"Ground";"Barboach"
"Whiscash";"0340";"Water";"Ground";"Whiscash"
"Corphish";"0341";"Water";"Water";"Corphish"
"Crawdaunt";"0342";"Water";"Dark";"Crawdaunt"
"Baltoy";"0343";"Ground";"Psychic";"Baltoy"
"Claydol";"0344";"Ground";"Psychic";"Claydol"
"Lileep";"0345";"Rock";"Grass";"Lileep"
"Cradily";"0346";"Rock";"Grass";"Cradily"
"Anorith";"0347";"Rock";"Bug";"Anorith"
"Armaldo";"0348";"Rock";"Bug";"Armaldo"
"Feebas";"0349";"Water";"Water";"Feebas"
"Milotic";"0350";"Water";"Water";"Milotic"
"Castform";"0351";"Normal";"Normal";"Castform"
"Castform-Sunny";"0351_01";"Fire";"Fire";"Castform-Sunny"
"Castform-Rainy";"0351_02";"Water";"Water";"Castform-Rainy"
"Castform-Snowy";"0351_03";"Ice";"Ice";"Castform-Snowy"
"Kecleon";"0352";"Normal";"Normal";"Kecleon"
"Shuppet";"0353";"Ghost";"Ghost";"Shuppet"
"Banette";"0354";"Ghost";"Ghost";"Banette"
"Duskull";"0355";"Ghost";"Ghost";"Duskull"
"Dusclops";"0356";"Ghost";"Ghost";"Dusclops"
"Tropius";"0357";"Grass";"Flying";"Tropius"
"Chimecho";"0358";"Psychic";"Psychic";"Chimecho"
"Absol";"0359";"Dark";"Dark";"Absol"
"Wynaut";"0360";"Psychic";"Psychic";"Wynaut"
"Snorunt";"0361";"Ice";"Ice";"Snorunt"
"Glalie";"0362";"Ice";"Ice";"Glalie"
"Spheal";"0363";"Ice";"Water";"Spheal"
"Sealeo";"0364";"Ice";"Water";"Sealeo"
"Walrein";"0365";"Ice";"Water";"Walrein"
"Clamperl";"0366";"Water";"Water";"Clamperl"
"Huntail";"0367";"Water";"Water";"Huntail"
"Gorebyss";"0368";"Water";"Water";"Gorebyss"
"Relicanth";"0369";"Water";"Rock";"Relicanth"
"Luvdisc";"0370";"Water";"Water";"Luvdisc"
"Bagon";"0371";"Dragon";"Dragon";"Bagon"
"Shelgon";"0372";"Dragon";"Dragon";"Shelgon"
"Salamence";"0373";"Dragon";"Flying";"Salamence"
"Beldum";"0374";"Steel";"Psychic";"Beldum"
"Metang";"0375";"Steel";"Psychic";"Metang"
"Metagross";"0376";"Steel";"Psychic";"Metagross"
"Regirock";"0377";"Rock";"Rock";"Regirock"
"Regice";"0378";"Ice";"Ice";"Regice"
"Registeel";"0379";"Steel";"Steel";"Registeel"
"Latias";"0380";"Dragon";"Psychic";"Latias"
"Latios";"0381";"Dragon";"Psychic";"Latios"
"Kyogre";"0382";"Water";"Water";"Kyogre"
"Groudon";"0383";"Ground";"Ground";"Groudon"
"Rayquaza";"0384";"Dragon";"Flying";"Rayquaza"
"Jirachi";"0385";"Steel";"Psychic";"Jirachi"
"Deoxys";"0386";"Psychic";"Psychic";"Deoxys"
"Deoxys-Attack";"0386_01";"Psychic";"Psychic";"Deoxys-Attack"
"Deoxys-Defense";"0386_02";"Psychic";"Psychic";"Deoxys-Defense"
"Deoxys-Speed";"0386_03";"Psychic";"Psychic";"Deoxys-Speed"
"Turtwig";"0387";"Grass";"Grass";"Turtwig"
"Grotle";"0388";"Grass";"Grass";"Grotle"
"Torterra";"0389";"Grass";"Ground";"Torterra"
"Chimchar";"0390";"Fire";"Fire";"Chimchar"
"Monferno";"0391";"Fire";"Fighting";"Monferno"
"Infernape";"0392";"Fire";"Fighting";"Infernape"
"Piplup";"0393";"Water";"Water";"Piplup"
"Prinplup";"0394";"Water";"Water";"Prinplup"
"Empoleon";"0395";"Water";"Steel";"Empoleon"
"Starly";"0396";"Normal";"Flying";"Starly"
"Staravia";"0397";"Normal";"Flying";"Staravia"
"Staraptor";"0398";"Normal";"Flying";"Staraptor"
"Bidoof";"0399";"Normal";"Normal";"Bidoof"
"Bibarel";"0400";"Normal";"Water";"Bibarel"
"Kricketot";"0401";"Bug";"Bug";"Kricketot"
"Kricketune";"0402";"Bug";"Bug";"Kricketune"
"Shinx";"0403";"Electric";"Electric";"Shinx"
"Luxio";"0404";"Electric";"Electric";"Luxio"
"Luxray";"0405";"Electric";"Electric";"Luxray"
"Budew";"0406";"Grass";"Poison";"Budew"
"Roserade";"0407";"Grass";"Poison";"Roserade"
"Cranidos";"0408";"Rock";"Rock";"Cranidos"
"Rampardos";"0409";"Rock";"Rock";"Rampardos"
"Shieldon";"0410";"Rock";"Steel";"Shieldon"
"Bastiodon";"0411";"Rock";"Steel";"Bastiodon"
"Burmy";"0412";"Bug";"Bug";"Burmy"
"Wormadam-Plant";"0413";"Bug";"Grass";"Wormadam-Plant"
"Wormadam-Sandy";"0413_01";"Bug";"Ground";"Wormadam-Sandy"
"Wormadam-Trash";"0413_02";"Bug";"Steel";"Wormadam-Trash"
"Mothim";"0414";"Bug";"Flying";"Mothim"
"Combee";"0415";"Bug";"Flying";"Combee"
"Vespiquen";"0416";"Bug";"Flying";"Vespiquen"
"Pachirisu";"0417";"Electric";"Electric";"Pachirisu"
"Buizel";"0418";"Water";"Water";"Buizel"
"Floatzel";"0419";"Water";"Water";"Floatzel"
"Cherubi";"0420";"Grass";"Grass";"Cherubi"
"Cherrim";"0421";"Grass";"Grass";"Cherrim"
"Cherrim-Sunshine";"0421_01";"Grass";"Grass";"Cherrim"
"Shellos";"0422";"Water";"Water";"Shellos"
"Gastrodon";"0423";"Water";"Ground";"Gastrodon"
"Ambipom";"0424";"Normal";"Normal";"Ambipom"
"Drifloon";"0425";"Ghost";"Flying";"Drifloon"
"Drifblim";"0426";"Ghost";"Flying";"Drifblim"
"Buneary";"0427";"Normal";"Normal";"Buneary"
"Lopunny";"0428";"Normal";"Normal";"Lopunny"
"Mismagius";"0429";"Ghost";"Ghost";"Mismagius"
"Honchkrow";"0430";"Dark";"Flying";"Honchkrow"
"Glameow";"0431";"Normal";"Normal";"Glameow"
"Purugly";"0432";"Normal";"Normal";"Purugly"
"Chingling";"0433";"Psychic";"Psychic";"Chingling"
"Stunky";"0434";"Poison";"Dark";"Stunky"
"Skuntank";"0435";"Poison";"Dark";"Skuntank"
"Bronzor";"0436";"Steel";"Psychic";"Bronzor"
"Bronzong";"0437";"Steel";"Psychic";"Bronzong"
"Bonsly";"0438";"Rock";"Rock";"Bonsly"
"MimeJr.";"0439";"Psychic";"Fairy";"MimeJr."
"Happiny";"0440";"Normal";"Normal";"Happiny"
"Chatot";"0441";"Normal";"Flying";"Chatot"
"Spiritomb";"0442";"Ghost";"Dark";"Spiritomb"
"Gible";"0443";"Dragon";"Ground";"Gible"
"Gabite";"0444";"Dragon";"Ground";"Gabite"
"Garchomp";"0445";"Dragon";"Ground";"Garchomp"
"Munchlax";"0446";"Normal";"Normal";"Munchlax"
"Riolu";"0447";"Fighting";"Fighting";"Riolu"
"Lucario";"0448";"Fighting";"Steel";"Lucario"
"Hippopotas";"0449";"Ground";"Ground";"Hippopotas"
"Hippowdon";"0450";"Ground";"Ground";"Hippowdon"
"Skorupi";"0451";"Poison";"Bug";"Skorupi"
"Drapion";"0452";"Poison";"Dark";"Drapion"
"Croagunk";"0453";"Poison";"Fighting";"Croagunk"
"Toxicroak";"0454";"Poison";"Fighting";"Toxicroak"
"Carnivine";"0455";"Grass";"Grass";"Carnivine"
"Finneon";"0456";"Water";"Water";"Finneon"
"Lumineon";"0457";"Water";"Water";"Lumineon"
"Mantyke";"0458";"Water";"Flying";"Mantyke"
"Snover";"0459";"Grass";"Ice";"Snover"
"Abomasnow";"0460";"Grass";"Ice";"Abomasnow"
"Weavile";"0461";"Dark";"Ice";"Weavile"
"Magnezone";"0462";"Electric";"Steel";"Magnezone"
"Lickilicky";"0463";"Normal";"Normal";"Lickilicky"
"Rhyperior";"0464";"Ground";"Rock";"Rhyperior"
"Tangrowth";"0465";"Grass";"Grass";"Tangrowth"
"Electivire";"0466";"Electric";"Electric";"Electivire"
"Magmortar";"0467";"Fire";"Fire";"Magmortar"
"Togekiss";"0468";"Fairy";"Flying";"Togekiss"
"Yanmega";"0469";"Bug";"Flying";"Yanmega"
"Leafeon";"0470";"Grass";"Grass";"Leafeon"
"Glaceon";"0471";"Ice";"Ice";"Glaceon"
"Gliscor";"0472";"Ground";"Flying";"Gliscor"
"Mamoswine";"0473";"Ice";"Ground";"Mamoswine"
"Porygon-Z";"0474";"Normal";"Normal";"Porygon-Z"
"Gallade";"0475";"Psychic";"Fighting";"Gallade"
"Probopass";"0476";"Rock";"Steel";"Probopass"
"Dusknoir";"0477";"Ghost";"Ghost";"Dusknoir"
"Froslass";"0478";"Ice";"Ghost";"Froslass"
"Rotom";"0479";"Electric";"Ghost";"Rotom"
"Rotom-Heat";"0479_01";"Electric";"Fire";"Rotom-Heat"
"Rotom-Wash";"0479_02";"Electric";"Water";"Rotom-Wash"
"Rotom-Frost";"#REF!";"Electric";"Ice";"Rotom-Frost"
"Rotom-Fan";"0479_04";"Electric";"Flying";"Rotom-Fan"
"Rotom-Mow";"0479_05";"Electric";"Grass";"Rotom-Mow"
"Uxie";"0480";"Psychic";"Psychic";"Uxie"
"Mesprit";"0481";"Psychic";"Psychic";"Mesprit"
"Azelf";"0482";"Psychic";"Psychic";"Azelf"
"Dialga";"0483";"Steel";"Dragon";"Dialga"
"Dialga-Origin";"0483_01";"Steel";"Dragon";"Dialga-Origin"
"Palkia";"0484";"Water";"Dragon";"Palkia"
"Palkia-Origin";"0484_01";"Water";"Dragon";"Palkia-Origin"
"Heatran";"0485";"Fire";"Steel";"Heatran"
"Regigigas";"0486";"Normal";"Normal";"Regigigas"
"Giratina";"0487";"Ghost";"Dragon";"Giratina"
"Giratina-Origin";"0487_01";"Ghost";"Dragon";"Giratina-Origin"
"Cresselia";"0488";"Psychic";"Psychic";"Cresselia"
"Phione";"0489";"Water";"Water";"Phione"
"Manaphy";"0490";"Water";"Water";"Manaphy"
"Darkrai";"0491";"Dark";"Dark";"Darkrai"
"Shaymin";"0492";"Grass";"Grass";"Shaymin"
"Shaymin-Sky";"0492_01";"Grass";"Flying";"Shaymin-Sky"
"Arceus";"0493";"Normal";"Normal";"Arceus"
"Victini";"0494";"Psychic";"Fire";"Victini"
"Snivy";"0495";"Grass";"Grass";"Snivy"
"Servine";"0496";"Grass";"Grass";"Servine"
"Serperior";"0497";"Grass";"Grass";"Serperior"
"Tepig";"0498";"Fire";"Fire";"Tepig"
"Pignite";"0499";"Fire";"Fighting";"Pignite"
"Emboar";"0500";"Fire";"Fighting";"Emboar"
"Oshawott";"0501";"Water";"Water";"Oshawott"
"Dewott";"0502";"Water";"Water";"Dewott"
"Samurott";"0503";"Water";"Water";"Samurott"
"Samurott-Hisui";"0503_01";"Water";"Dark";"Samurott-Hisui"
"Patrat";"0504";"Normal";"Normal";"Patrat"
"Watchog";"0505";"Normal";"Normal";"Watchog"
"Lillipup";"0506";"Normal";"Normal";"Lillipup"
"Herdier";"0507";"Normal";"Normal";"Herdier"
"Stoutland";"0508";"Normal";"Normal";"Stoutland"
"Purrloin";"0509";"Dark";"Dark";"Purrloin"
"Liepard";"0510";"Dark";"Dark";"Liepard"
"Pansage";"0511";"Grass";"Grass";"Pansage"
"Simisage";"0512";"Grass";"Grass";"Simisage"
"Pansear";"0513";"Fire";"Fire";"Pansear"
"Simisear";"0514";"Fire";"Fire";"Simisear"
"Panpour";"0515";"Water";"Water";"Panpour"
"Simipour";"0516";"Water";"Water";"Simipour"
"Munna";"0517";"Psychic";"Psychic";"Munna"
"Musharna";"0518";"Psychic";"Psychic";"Musharna"
"Pidove";"0519";"Normal";"Flying";"Pidove"
"Tranquill";"0520";"Normal";"Flying";"Tranquill"
"Unfezant";"0521";"Normal";"Flying";"Unfezant"
"Blitzle";"0522";"Electric";"Electric";"Blitzle"
"Zebstrika";"0523";"Electric";"Electric";"Zebstrika"
"Roggenrola";"0524";"Rock";"Rock";"Roggenrola"
"Boldore";"0525";"Rock";"Rock";"Boldore"
"Gigalith";"0526";"Rock";"Rock";"Gigalith"
"Woobat";"0527";"Psychic";"Flying";"Woobat"
"Swoobat";"0528";"Psychic";"Flying";"Swoobat"
"Drilbur";"0529";"Ground";"Ground";"Drilbur"
"Excadrill";"0530";"Ground";"Steel";"Excadrill"
"Audino";"0531";"Normal";"Normal";"Audino"
"Timburr";"0532";"Fighting";"Fighting";"Timburr"
"Gurdurr";"0533";"Fighting";"Fighting";"Gurdurr"
"Conkeldurr";"0534";"Fighting";"Fighting";"Conkeldurr"
"Tympole";"0535";"Water";"Water";"Tympole"
"Palpitoad";"0536";"Water";"Ground";"Palpitoad"
"Seismitoad";"0537";"Water";"Ground";"Seismitoad"
"Throh";"0538";"Fighting";"Fighting";"Throh"
"Sawk";"0539";"Fighting";"Fighting";"Sawk"
"Sewaddle";"0540";"Bug";"Grass";"Sewaddle"
"Swadloon";"0541";"Bug";"Grass";"Swadloon"
"Leavanny";"0542";"Bug";"Grass";"Leavanny"
"Venipede";"0543";"Bug";"Poison";"Venipede"
"Whirlipede";"0544";"Bug";"Poison";"Whirlipede"
"Scolipede";"0545";"Bug";"Poison";"Scolipede"
"Cottonee";"0546";"Grass";"Fairy";"Cottonee"
"Whimsicott";"0547";"Grass";"Fairy";"Whimsicott"
"Petilil";"0548";"Grass";"Grass";"Petilil"
"Lilligant";"0549";"Grass";"Grass";"Lilligant"
"Lilligant-Hisui";"0549_01";"Grass";"Fighting";"Lilligant-Hisui"
"Basculin";"0550";"Water";"Water";"Basculin"
"Basculin-Blue-Striped";"0550_01";"Water";"Water";"Basculin"
"Basculin-White-Striped";"0550_02";"Water";"Water";"Basculin"
"Sandile";"0551";"Ground";"Dark";"Sandile"
"Krokorok";"0552";"Ground";"Dark";"Krokorok"
"Krookodile";"0553";"Ground";"Dark";"Krookodile"
"Darumaka";"0554";"Fire";"Fire";"Darumaka"
"Darumaka-Galar";"0554_01";"Ice";"Ice";"Darumaka-Galar"
"Darmanitan";"0555";"Fire";"Fire";"Darmanitan"
"Darmanitan-Galar";"0555_01";"Ice";"Ice";"Darmanitan-Galar"
"Darmanitan-Zen";"0555_02";"Fire";"Psychic";"Darmanitan-Zen"
"Darmanitan-Galar-Zen";"0555_03";"Ice";"Fire";"Darmanitan-Galar-Zen"
"Maractus";"0556";"Grass";"Grass";"Maractus"
"Dwebble";"0557";"Bug";"Rock";"Dwebble"
"Crustle";"0558";"Bug";"Rock";"Crustle"
"Scraggy";"0559";"Dark";"Fighting";"Scraggy"
"Scrafty";"0560";"Dark";"Fighting";"Scrafty"
"Sigilyph";"0561";"Psychic";"Flying";"Sigilyph"
"Yamask";"0562";"Ghost";"Ghost";"Yamask"
"Yamask-Galar";"0562_01";"Ground";"Ghost";"Yamask-Galar"
"Cofagrigus";"0563";"Ghost";"Ghost";"Cofagrigus"
"Tirtouga";"0564";"Water";"Rock";"Tirtouga"
"Carracosta";"0565";"Water";"Rock";"Carracosta"
"Archen";"0566";"Rock";"Flying";"Archen"
"Archeops";"0567";"Rock";"Flying";"Archeops"
"Trubbish";"0568";"Poison";"Poison";"Trubbish"
"Garbodor";"0569";"Poison";"Poison";"Garbodor"
"Zorua";"0570";"Dark";"Dark";"Zorua"
"Zorua-Hisui";"0570_01";"Normal";"Ghost";"Zorua-Hisui"
"Zoroark";"0571";"Dark";"Dark";"Zoroark"
"Zoroark-Hisui";"0571_01";"Normal";"Ghost";"Zoroark-Hisui"
"Minccino";"0572";"Normal";"Normal";"Minccino"
"Cinccino";"0573";"Normal";"Normal";"Cinccino"
"Gothita";"0574";"Psychic";"Psychic";"Gothita"
"Gothorita";"0575";"Psychic";"Psychic";"Gothorita"
"Gothitelle";"0576";"Psychic";"Psychic";"Gothitelle"
"Solosis";"0577";"Psychic";"Psychic";"Solosis"
"Duosion";"0578";"Psychic";"Psychic";"Duosion"
"Reuniclus";"0579";"Psychic";"Psychic";"Reuniclus"
"Ducklett";"0580";"Water";"Flying";"Ducklett"
"Swanna";"0581";"Water";"Flying";"Swanna"
"Vanillite";"0582";"Ice";"Ice";"Vanillite"
"Vanillish";"0583";"Ice";"Ice";"Vanillish"
"Vanilluxe";"0584";"Ice";"Ice";"Vanilluxe"
"Deerling";"0585";"Normal";"Grass";"Deerling"
"Sawsbuck";"0586";"Normal";"Grass";"Sawsbuck"
"Emolga";"0587";"Electric";"Flying";"Emolga"
"Karrablast";"0588";"Bug";"Bug";"Karrablast"
"Escavalier";"0589";"Bug";"Steel";"Escavalier"
"Foongus";"0590";"Grass";"Poison";"Foongus"
"Amoonguss";"0591";"Grass";"Poison";"Amoonguss"
"Frillish";"0592";"Water";"Ghost";"Frillish"
"Jellicent";"0593";"Water";"Ghost";"Jellicent"
"Alomomola";"0594";"Water";"Water";"Alomomola"
"Joltik";"0595";"Bug";"Electric";"Joltik"
"Galvantula";"0596";"Bug";"Electric";"Galvantula"
"Ferroseed";"0597";"Grass";"Steel";"Ferroseed"
"Ferrothorn";"0598";"Grass";"Steel";"Ferrothorn"
"Klink";"0599";"Steel";"Steel";"Klink"
"Klang";"0600";"Steel";"Steel";"Klang"
"Klinklang";"0601";"Steel";"Steel";"Klinklang"
"Tynamo";"0602";"Electric";"Electric";"Tynamo"
"Eelektrik";"0603";"Electric";"Electric";"Eelektrik"
"Eelektross";"0604";"Electric";"Electric";"Eelektross"
"Elgyem";"0605";"Psychic";"Psychic";"Elgyem"
"Beheeyem";"0606";"Psychic";"Psychic";"Beheeyem"
"Litwick";"0607";"Ghost";"Fire";"Litwick"
"Lampent";"0608";"Ghost";"Fire";"Lampent"
"Chandelure";"0609";"Ghost";"Fire";"Chandelure"
"Axew";"0610";"Dragon";"Dragon";"Axew"
"Fraxure";"0611";"Dragon";"Dragon";"Fraxure"
"Haxorus";"0612";"Dragon";"Dragon";"Haxorus"
"Cubchoo";"0613";"Ice";"Ice";"Cubchoo"
"Beartic";"0614";"Ice";"Ice";"Beartic"
"Cryogonal";"0615";"Ice";"Ice";"Cryogonal"
"Shelmet";"0616";"Bug";"Bug";"Shelmet"
"Accelgor";"0617";"Bug";"Bug";"Accelgor"
"Stunfisk";"0618";"Ground";"Electric";"Stunfisk"
"Stunfisk-Galar";"0618_01";"Ground";"Steel";"Stunfisk-Galar"
"Mienfoo";"0619";"Fighting";"Fighting";"Mienfoo"
"Mienshao";"0620";"Fighting";"Fighting";"Mienshao"
"Druddigon";"0621";"Dragon";"Dragon";"Druddigon"
"Golett";"0622";"Ground";"Ghost";"Golett"
"Golurk";"0623";"Ground";"Ghost";"Golurk"
"Pawniard";"0624";"Dark";"Steel";"Pawniard"
"Bisharp";"0625";"Dark";"Steel";"Bisharp"
"Bouffalant";"0626";"Normal";"Normal";"Bouffalant"
"Rufflet";"0627";"Normal";"Flying";"Rufflet"
"Braviary";"0628";"Normal";"Flying";"Braviary"
"Braviary-Hisui";"0628_01";"Psychic";"Flying";"Braviary-Hisui"
"Vullaby";"0629";"Dark";"Flying";"Vullaby"
"Mandibuzz";"0630";"Dark";"Flying";"Mandibuzz"
"Heatmor";"0631";"Fire";"Fire";"Heatmor"
"Durant";"0632";"Bug";"Steel";"Durant"
"Deino";"0633";"Dark";"Dragon";"Deino"
"Zweilous";"0634";"Dark";"Dragon";"Zweilous"
"Hydreigon";"0635";"Dark";"Dragon";"Hydreigon"
"Larvesta";"0636";"Bug";"Fire";"Larvesta"
"Volcarona";"0637";"Bug";"Fire";"Volcarona"
"Cobalion";"0638";"Steel";"Fighting";"Cobalion"
"Terrakion";"0639";"Rock";"Fighting";"Terrakion"
"Virizion";"0640";"Grass";"Fighting";"Virizion"
"Tornadus-Incarnate";"0641";"Flying";"Flying";"Tornadus-Incarnate"
"Tornadus-Therian";"0641_01";"Flying";"Flying";"Tornadus-Therian"
"Thundurus-Incarnate";"0642";"Electric";"Flying";"Thundurus-Incarnate"
"Thundurus-Therian";"0642_01";"Electric";"Flying";"Thundurus-Therian"
"Reshiram";"0643";"Dragon";"Fire";"Reshiram"
"Zekrom";"0644";"Dragon";"Electric";"Zekrom"
"Landorus-Incarnate";"0645";"Ground";"Flying";"Landorus-Incarnate"
"Landorus-Therian";"0645_01";"Ground";"Flying";"Landorus-Therian"
"Kyurem";"0646";"Dragon";"Ice";"Kyurem"
"Kyurem-White";"0646_01";"Dragon";"Ice";"Kyurem-White"
"Kyurem-Black";"0646_02";"Dragon";"Ice";"Kyurem-Black"
"Keldeo-Ordinary";"0647";"Water";"Fighting";"Keldeo-Ordinary"
"Keldeo-Resolute";"0647_01";"Water";"Fighting";"Keldeo-Resolute"
"Meloetta";"0648";"Normal";"Psychic";"Meloetta"
"Meloetta-Pirouette";"0648_01";"Normal";"Fighting";"Meloetta-Pirouette"
"Genesect";"0649";"Bug";"Steel";"Genesect"
"Genesect-Douse";"0649_01";"Bug";"Steel";"Genesect-Douse"
"Genesect-Shock";"0649_02";"Bug";"Steel";"Genesect-Shock"
"Genesect-Burn";"0649_03";"Bug";"Steel";"Genesect-Burn"
"Genesect-Chill";"0649_04";"Bug";"Steel";"Genesect-Chill"
"Chespin";"0650";"Grass";"Grass";"Chespin"
"Quilladin";"0651";"Grass";"Grass";"Quilladin"
"Chesnaught";"0652";"Grass";"Fighting";"Chesnaught"
"Fennekin";"0653";"Fire";"Fire";"Fennekin"
"Braixen";"0654";"Fire";"Fire";"Braixen"
"Delphox";"0655";"Fire";"Psychic";"Delphox"
"Froakie";"0656";"Water";"Water";"Froakie"
"Frogadier";"0657";"Water";"Water";"Frogadier"
"Greninja";"0658";"Water";"Dark";"Greninja"
"Bunnelby";"0659";"Normal";"Normal";"Bunnelby"
"Diggersby";"0660";"Normal";"Ground";"Diggersby"
"Fletchling";"0661";"Normal";"Flying";"Fletchling"
"Fletchinder";"0662";"Fire";"Flying";"Fletchinder"
"Talonflame";"0663";"Fire";"Flying";"Talonflame"
"Scatterbug";"0664";"Bug";"Bug";"Scatterbug"
"Spewpa";"0665";"Bug";"Bug";"Spewpa"
"Vivillon";"0666";"Bug";"Flying";"Vivillon"
"Litleo";"0667";"Fire";"Normal";"Litleo"
"Pyroar";"0668";"Fire";"Normal";"Pyroar"
"Flabébé";"0669";"Fairy";"Fairy";"Flabébé"
"Floette";"0670";"Fairy";"Fairy";"Floette"
"Florges";"0671";"Fairy";"Fairy";"Florges"
"Skiddo";"0672";"Grass";"Grass";"Skiddo"
"Gogoat";"0673";"Grass";"Grass";"Gogoat"
"Pancham";"0674";"Fighting";"Fighting";"Pancham"
"Pangoro";"0675";"Fighting";"Dark";"Pangoro"
"Furfrou";"0676";"Normal";"Normal";"Furfrou"
"Espurr";"0677";"Psychic";"Psychic";"Espurr"
"Meowstic";"0678";"Psychic";"Psychic";"Meowstic"
"Meowstic-F";"0678_01";"Psychic";"Psychic";"Meowstic-F"
"Honedge";"0679";"Steel";"Ghost";"Honedge"
"Doublade";"0680";"Steel";"Ghost";"Doublade"
"Aegislash-Shield";"0681";"Steel";"Ghost";"Aegislash"
"Aegislash-Blade";"0681_01";"Steel";"Ghost";"Aegislash"
"Spritzee";"0682";"Fairy";"Fairy";"Spritzee"
"Aromatisse";"0683";"Fairy";"Fairy";"Aromatisse"
"Swirlix";"0684";"Fairy";"Fairy";"Swirlix"
"Slurpuff";"0685";"Fairy";"Fairy";"Slurpuff"
"Inkay";"0686";"Dark";"Psychic";"Inkay"
"Malamar";"0687";"Dark";"Psychic";"Malamar"
"Binacle";"0688";"Rock";"Water";"Binacle"
"Barbaracle";"0689";"Rock";"Water";"Barbaracle"
"Skrelp";"0690";"Poison";"Water";"Skrelp"
"Dragalge";"0691";"Poison";"Dragon";"Dragalge"
"Clauncher";"0692";"Water";"Water";"Clauncher"
"Clawitzer";"0693";"Water";"Water";"Clawitzer"
"Helioptile";"0694";"Electric";"Normal";"Helioptile"
"Heliolisk";"0695";"Electric";"Normal";"Heliolisk"
"Tyrunt";"0696";"Rock";"Dragon";"Tyrunt"
"Tyrantrum";"0697";"Rock";"Dragon";"Tyrantrum"
"Amaura";"0698";"Rock";"Ice";"Amaura"
"Aurorus";"0699";"Rock";"Ice";"Aurorus"
"Sylveon";"0700";"Fairy";"Fairy";"Sylveon"
"Hawlucha";"0701";"Fighting";"Flying";"Hawlucha"
"Dedenne";"0702";"Electric";"Fairy";"Dedenne"
"Carbink";"0703";"Rock";"Fairy";"Carbink"
"Goomy";"0704";"Dragon";"Dragon";"Goomy"
"Sliggoo";"0705";"Dragon";"Dragon";"Sliggoo"
"Sliggoo-Hisui";"0705_01";"Steel";"Dragon";"Sliggoo-Hisui"
"Goodra";"0706";"Dragon";"Dragon";"Goodra"
"Goodra-Hisui";"0706_01";"Steel";"Dragon";"Goodra-Hisui"
"Klefki";"0707";"Steel";"Fairy";"Klefki"
"Phantump";"0708";"Ghost";"Grass";"Phantump"
"Trevenant";"0709";"Ghost";"Grass";"Trevenant"
"Pumpkaboo";"0710";"Ghost";"Grass";"Pumpkaboo"
"Gourgeist";"0711";"Ghost";"Grass";"Gourgeist"
"Bergmite";"0712";"Ice";"Ice";"Bergmite"
"Avalugg";"0713";"Ice";"Ice";"Avalugg"
"Avalugg-Hisui";"0713_01";"Ice";"Rock";"Avalugg-Hisui"
"Noibat";"0714";"Flying";"Dragon";"Noibat"
"Noivern";"0715";"Flying";"Dragon";"Noivern"
"Xerneas";"0716";"Fairy";"Fairy";"Xerneas"
"Xerneas-Neutral";"0716_01";"Fairy";"Fairy";"Xerneas"
"Yveltal";"0717";"Dark";"Flying";"Yveltal"
"Zygarde-50%";"0718";"Dragon";"Ground";"Zygarde-50%"
"Zygarde-10%";"0718_01";"Dragon";"Ground";"Zygarde-10%"
"Zygarde-Complete";"0718_02";"Dragon";"Ground";"Zygarde-Complete"
"Diancie";"0719";"Rock";"Fairy";"Diancie"
"Hoopa-Confined";"0720";"Psychic";"Ghost";"Hoopa-Confined"
"Hoopa-Unbound";"0720_01";"Psychic";"Dark";"Hoopa-Unbound"
"Volcanion";"0721";"Fire";"Water";"Volcanion"
"Rowlet";"0722";"Grass";"Flying";"Rowlet"
"Dartrix";"0723";"Grass";"Flying";"Dartrix"
"Decidueye";"0724";"Grass";"Ghost";"Decidueye"
"Decidueye-Hisui";"0724_01";"Grass";"Fighting";"Decidueye-Hisui"
"Litten";"0725";"Fire";"Fire";"Litten"
"Torracat";"0726";"Fire";"Fire";"Torracat"
"Incineroar";"0727";"Fire";"Dark";"Incineroar"
"Popplio";"0728";"Water";"Water";"Popplio"
"Brionne";"0729";"Water";"Water";"Brionne"
"Primarina";"0730";"Water";"Fairy";"Primarina"
"Pikipek";"0731";"Normal";"Flying";"Pikipek"
"Trumbeak";"0732";"Normal";"Flying";"Trumbeak"
"Toucannon";"0733";"Normal";"Flying";"Toucannon"
"Yungoos";"0734";"Normal";"Normal";"Yungoos"
"Gumshoos";"0735";"Normal";"Normal";"Gumshoos"
"Grubbin";"0736";"Bug";"Bug";"Grubbin"
"Charjabug";"0737";"Bug";"Electric";"Charjabug"
"Vikavolt";"0738";"Bug";"Electric";"Vikavolt"
"Crabrawler";"0739";"Fighting";"Fighting";"Crabrawler"
"Crabominable";"0740";"Fighting";"Ice";"Crabominable"
"Oricorio";"0741";"Fire";"Flying";"Oricorio-Baile"
"Oricorio-Pom-Pom";"0741_01";"Electric";"Flying";"Oricorio-Pom-Pom"
"Oricorio-Pa’u";"0741_02";"Psychic";"Flying";"Oricorio-Pa’u"
"Oricorio-Sensu";"0741_03";"Ghost";"Flying";"Oricorio-Sensu"
"Cutiefly";"0742";"Bug";"Fairy";"Cutiefly"
"Ribombee";"0743";"Bug";"Fairy";"Ribombee"
"Rockruff";"0744";"Rock";"Rock";"Rockruff"
"Lycanroc";"0745";"Rock";"Rock";"Lycanroc"
"Lycanroc-Midnight";"0745_01";"Rock";"Rock";"Lycanroc-Midnight"
"Lycanroc-Dusk";"0745_02";"Rock";"Rock";"Lycanroc-Dusk"
"Wishiwashi";"0746";"Water";"Water";"Wishiwashi"
"Wishiwashi-School";"0746_01";"Water";"Water";"Wishiwashi-School"
"Mareanie";"0747";"Poison";"Water";"Mareanie"
"Toxapex";"0748";"Poison";"Water";"Toxapex"
"Mudbray";"0749";"Ground";"Ground";"Mudbray"
"Mudsdale";"0750";"Ground";"Ground";"Mudsdale"
"Dewpider";"0751";"Water";"Bug";"Dewpider"
"Araquanid";"0752";"Water";"Bug";"Araquanid"
"Fomantis";"0753";"Grass";"Grass";"Fomantis"
"Lurantis";"0754";"Grass";"Grass";"Lurantis"
"Morelull";"0755";"Grass";"Fairy";"Morelull"
"Shiinotic";"0756";"Grass";"Fairy";"Shiinotic"
"Salandit";"0757";"Poison";"Fire";"Salandit"
"Salazzle";"0758";"Poison";"Fire";"Salazzle"
"Stufful";"0759";"Normal";"Fighting";"Stufful"
"Bewear";"0760";"Normal";"Fighting";"Bewear"
"Bounsweet";"0761";"Grass";"Grass";"Bounsweet"
"Steenee";"0762";"Grass";"Grass";"Steenee"
"Tsareena";"0763";"Grass";"Grass";"Tsareena"
"Comfey";"0764";"Fairy";"Fairy";"Comfey"
"Oranguru";"0765";"Normal";"Psychic";"Oranguru"
"Passimian";"0766";"Fighting";"Fighting";"Passimian"
"Wimpod";"0767";"Bug";"Water";"Wimpod"
"Golisopod";"0768";"Bug";"Water";"Golisopod"
"Sandygast";"0769";"Ghost";"Ground";"Sandygast"
"Palossand";"0770";"Ghost";"Ground";"Palossand"
"Pyukumuku";"0771";"Water";"Water";"Pyukumuku"
"Type:Null";"0772";"Normal";"Normal";"Type:Null"
"Silvally";"0773";"Normal";"Normal";"Silvally"
"Minior";"0774";"Rock";"Flying";"Minior"
"Minior-Meteor";"0774_01";"Rock";"Flying";"Minior-Meteor"
"Komala";"0775";"Normal";"Normal";"Komala"
"Turtonator";"0776";"Fire";"Dragon";"Turtonator"
"Togedemaru";"0777";"Electric";"Steel";"Togedemaru"
"Mimikyu";"0778";"Ghost";"Fairy";"Mimikyu"
"Bruxish";"0779";"Water";"Psychic";"Bruxish"
"Drampa";"0780";"Normal";"Dragon";"Drampa"
"Dhelmise";"0781";"Ghost";"Grass";"Dhelmise"
"Jangmo-o";"0782";"Dragon";"Dragon";"Jangmo-o"
"Hakamo-o";"0783";"Dragon";"Fighting";"Hakamo-o"
"Kommo-o";"0784";"Dragon";"Fighting";"Kommo-o"
"Tapu Koko";"0785";"Electric";"Fairy";"Tapu Koko"
"Tapu Lele";"0786";"Psychic";"Fairy";"Tapu Lele"
"Tapu Bulu";"0787";"Grass";"Fairy";"Tapu Bulu"
"Tapu Fini";"0788";"Water";"Fairy";"Tapu Fini"
"Cosmog";"0789";"Psychic";"Psychic";"Cosmog"
"Cosmoem";"0790";"Psychic";"Psychic";"Cosmoem"
"Solgaleo";"0791";"Psychic";"Steel";"Solgaleo"
"Lunala";"0792";"Psychic";"Ghost";"Lunala"
"Nihilego";"0793";"Rock";"Poison";"Nihilego"
"Buzzwole";"0794";"Bug";"Fighting";"Buzzwole"
"Pheromosa";"0795";"Bug";"Fighting";"Pheromosa"
"Xurkitree";"0796";"Electric";"Electric";"Xurkitree"
"Celesteela";"0797";"Steel";"Flying";"Celesteela"
"Kartana";"0798";"Grass";"Steel";"Kartana"
"Guzzlord";"0799";"Dark";"Dragon";"Guzzlord"
"Necrozma";"0800";"Psychic";"Psychic";"Necrozma"
"Necrozma-Dusk-Mane";"0800_01";"Psychic";"Steel";"Necrozma-Dusk-Mane"
"Necrozma-Dawn-Wings";"0800_02";"Psychic";"Ghost";"Necrozma-Dawn-Wings"
"Magearna";"0801";"Steel";"Fairy";"Magearna"
"Marshadow";"0802";"Fighting";"Ghost";"Marshadow"
"Poipole";"0803";"Poison";"Poison";"Poipole"
"Naganadel";"0804";"Poison";"Dragon";"Naganadel"
"Stakataka";"0805";"Rock";"Steel";"Stakataka"
"Blacephalon";"0806";"Fire";"Ghost";"Blacephalon"
"Zeraora";"0807";"Electric";"Electric";"Zeraora"
"Meltan";"0808";"Steel";"Steel";"Meltan"
"Melmetal";"0809";"Steel";"Steel";"Melmetal"
"Grookey";"0810";"Grass";"Grass";"Grookey"
"Thwackey";"0811";"Grass";"Grass";"Thwackey"
"Rillaboom";"0812";"Grass";"Grass";"Rillaboom"
"Scorbunny";"0813";"Fire";"Fire";"Scorbunny"
"Raboot";"0814";"Fire";"Fire";"Raboot"
"Cinderace";"0815";"Fire";"Fire";"Cinderace"
"Sobble";"0816";"Water";"Water";"Sobble"
"Drizzile";"0817";"Water";"Water";"Drizzile"
"Inteleon";"0818";"Water";"Water";"Inteleon"
"Skwovet";"0819";"Normal";"Normal";"Skwovet"
"Greedent";"0820";"Normal";"Normal";"Greedent"
"Rookidee";"0821";"Flying";"Flying";"Rookidee"
"Corvisquire";"0822";"Flying";"Flying";"Corvisquire"
"Corviknight";"0823";"Flying";"Steel";"Corviknight"
"Blipbug";"0824";"Bug";"Bug";"Blipbug"
"Dottler";"0825";"Bug";"Psychic";"Dottler"
"Orbeetle";"0826";"Bug";"Psychic";"Orbeetle"
"Nickit";"0827";"Dark";"Dark";"Nickit"
"Thievul";"0828";"Dark";"Dark";"Thievul"
"Gossifleur";"0829";"Grass";"Grass";"Gossifleur"
"Eldegoss";"0830";"Grass";"Grass";"Eldegoss"
"Wooloo";"0831";"Normal";"Normal";"Wooloo"
"Dubwool";"0832";"Normal";"Normal";"Dubwool"
"Chewtle";"0833";"Water";"Water";"Chewtle"
"Drednaw";"0834";"Water";"Rock";"Drednaw"
"Yamper";"0835";"Electric";"Electric";"Yamper"
"Boltund";"0836";"Electric";"Electric";"Boltund"
"Rolycoly";"0837";"Rock";"Rock";"Rolycoly"
"Carkol";"0838";"Rock";"Fire";"Carkol"
"Coalossal";"0839";"Rock";"Fire";"Coalossal"
"Applin";"0840";"Grass";"Dragon";"Applin"
"Flapple";"0841";"Grass";"Dragon";"Flapple"
"Appletun";"0842";"Grass";"Dragon";"Appletun"
"Silicobra";"0843";"Ground";"Ground";"Silicobra"
"Sandaconda";"0844";"Ground";"Ground";"Sandaconda"
"Cramorant";"0845";"Flying";"Water";"Cramorant"
"Cramorant-Gulping";"0845_01";"Flying";"Water";"Cramorant"
"Cramorant-Gorging";"0845_02";"Flying";"Water";"Cramorant"
"Arrokuda";"0846";"Water";"Water";"Arrokuda"
"Barraskewda";"0847";"Water";"Water";"Barraskewda"
"Toxel";"0848";"Electric";"Poison";"Toxel"
"Toxtricity";"0849";"Electric";"Poison";"Toxtricity"
"Toxtricity-Low-Key";"0849_01";"Electric";"Poison";"Toxtricity"
"Sizzlipede";"0850";"Fire";"Bug";"Sizzlipede"
"Centiskorch";"0851";"Fire";"Bug";"Centiskorch"
"Clobbopus";"0852";"Fighting";"Fighting";"Clobbopus"
"Grapploct";"0853";"Fighting";"Fighting";"Grapploct"
"Sinistea";"0854";"Ghost";"Ghost";"Sinistea"
"Polteageist";"0855";"Ghost";"Ghost";"Polteageist"
"Hatenna";"0856";"Psychic";"Psychic";"Hatenna"
"Hattrem";"0857";"Psychic";"Psychic";"Hattrem"
"Hatterene";"0858";"Psychic";"Fairy";"Hatterene"
"Impidimp";"0859";"Dark";"Fairy";"Impidimp"
"Morgrem";"0860";"Dark";"Fairy";"Morgrem"
"Grimmsnarl";"0861";"Dark";"Fairy";"Grimmsnarl"
"Obstagoon";"0862";"Dark";"Normal";"Obstagoon"
"Perrserker";"0863";"Steel";"Steel";"Perrserker"
"Cursola";"0864";"Ghost";"Ghost";"Cursola"
"Sirfetch'd";"0865";"Fighting";"Fighting";"Sirfetch'd"
"Mr.Rime";"0866";"Ice";"Psychic";"Mr.Rime"
"Runerigus";"0867";"Ground";"Ghost";"Runerigus"
"Milcery";"0868";"Fairy";"Fairy";"Milcery"
"Alcremie";"0869";"Fairy";"Fairy";"Alcremie"
"Falinks";"0870";"Fighting";"Fighting";"Falinks"
"Pincurchin";"0871";"Electric";"Electric";"Pincurchin"
"Snom";"0872";"Ice";"Bug";"Snom"
"Frosmoth";"0873";"Ice";"Bug";"Frosmoth"
"Stonjourner";"0874";"Rock";"Rock";"Stonjourner"
"Eiscue";"0875";"Ice";"Ice";"Eiscue"
"Eiscue-Noice";"0875_01";"Ice";"Ice";"Eiscue-Noice"
"Indeedee";"0876";"Psychic";"Normal";"Indeedee"
"Indeedee-F";"0876_01";"Psychic";"Normal";"Indeedee-F"
"Morpeko";"0877";"Electric";"Dark";"Morpeko"
"Morpeko-Hangry";"0877_01";"Electric";"Dark";"Morpeko"
"Cufant";"0878";"Steel";"Steel";"Cufant"
"Copperajah";"0879";"Steel";"Steel";"Copperajah"
"Dracozolt";"0880";"Electric";"Dragon";"Dracozolt"
"Arctozolt";"0881";"Electric";"Ice";"Arctozolt"
"Dracovish";"0882";"Water";"Dragon";"Dracovish"
"Arctovish";"0883";"Water";"Ice";"Arctovish"
"Duraludon";"0884";"Steel";"Dragon";"Duraludon"
"Dreepy";"0885";"Dragon";"Ghost";"Dreepy"
"Drakloak";"0886";"Dragon";"Ghost";"Drakloak"
"Dragapult";"0887";"Dragon";"Ghost";"Dragapult"
"Zacian";"0888";"Fairy";"Fairy";"Zacian"
"Zacian-Crowned";"0888_01";"Fairy";"Steel";"Zacian-Crowned"
"Zamazenta";"0889";"Fighting";"Fighting";"Zamazenta"
"Zamazenta-Crowned";"0889_01";"Fighting";"Steel";"Zamazenta-Crowned"
"Eternatus";"0890";"Poison";"Dragon";"Eternatus"
"Kubfu";"0891";"Fighting";"Fighting";"Kubfu"
"Urshifu-Single-Strike";"0892";"Fighting";"Dark";"Urshifu-Dark"
"Urshifu-Rapid-Strike";"0892";"Fighting";"Water";"Urshifu-Water"
"Zarude";"0893";"Dark";"Grass";"Zarude"
"Regieleki";"0894";"Electric";"Electric";"Regieleki"
"Regidrago";"0895";"Dragon";"Dragon";"Regidrago"
"Glastrier";"0896";"Ice";"Ice";"Glastrier"
"Spectrier";"0897";"Ghost";"Ghost";"Spectrier"
"Calyrex";"0898";"Psychic";"Grass";"Calyrex"
"Calyrex-Ice-Rider";"0898_01";"Psychic";"Ice";"Calyrex-Ice-Rider"
"Calyrex-Shadow-Rider";"0898_02";"Psychic";"Ghost";"Calyrex-Shadow-Rider"
"Wyrdeer";"0899";"Normal";"Psychic";"Wyrdeer"
"Kleavor";"0900";"Bug";"Rock";"Kleavor"
"Ursaluna";"0901";"Ground";"Normal";"Ursaluna"
"Ursaluna-Bloodmoon";"0901_01";"Ground";"Normal";"Ursaluna-Bloodmoon"
"Basculegion";"0902";"Water";"Ghost";"Basculegion"
"Basculegion-F";"0902_01";"Water";"Ghost";"Basculegion-F"
"Sneasler";"0903";"Fighting";"Poison";"Sneasler"
"Overqwil";"0904";"Dark";"Poison";"Overqwil"
"Enamorus-Incarnate";"0905";"Fairy";"Flying";"Enamorus-Incarnate"
"Enamorus-Therian";"0905_01";"Fairy";"Flying";"Enamorus-Therian"
"Sprigatito";"0906";"Grass";"Grass";"Sprigatito"
"Floragato";"0907";"Grass";"Grass";"Floragato"
"Meowscarada";"0908";"Grass";"Dark";"Meowscarada"
"Fuecoco";"0909";"Fire";"Fire";"Fuecoco"
"Crocalor";"0910";"Fire";"Fire";"Crocalor"
"Skeledirge";"0911";"Fire";"Ghost";"Skeledirge"
"Quaxly";"0912";"Water";"Water";"Quaxly"
"Quaxwell";"0913";"Water";"Water";"Quaxwell"
"Quaquaval";"0914";"Water";"Fighting";"Quaquaval"
"Lechonk";"0915";"Normal";"Normal";"Lechonk"
"Oinkologne";"0916";"Normal";"Normal";"Oinkologne"
"Oinkologne-F";"0916_01";"Normal";"Normal";"Oinkologne-F"
"Tarountula";"0917";"Bug";"Bug";"Tarountula"
"Spidops";"0918";"Bug";"Bug";"Spidops"
"Nymble";"0919";"Bug";"Bug";"Nymble"
"Lokix";"0920";"Bug";"Dark";"Lokix"
"Pawmi";"0921";"Electric";"Electric";"Pawmi"
"Pawmo";"0922";"Electric";"Fighting";"Pawmo"
"Pawmot";"0923";"Electric";"Fighting";"Pawmot"
"Tandemaus";"0924";"Normal";"Normal";"Tandemaus"
"Maushold";"0925";"Normal";"Normal";"Maushold"
"Maushold-Four";"0925_01";"Normal";"Normal";"Maushold-Four"
"Fidough";"0926";"Fairy";"Fairy";"Fidough"
"Dachsbun";"0927";"Fairy";"Fairy";"Dachsbun"
"Smoliv";"0928";"Grass";"Normal";"Smoliv"
"Dolliv";"0929";"Grass";"Normal";"Dolliv"
"Arboliva";"0930";"Grass";"Normal";"Arboliva"
"Squawkabilly";"0931";"Normal";"Flying";"Squawkabilly"
"Squawkabilly-Blue";"0931_01";"Normal";"Flying";"Squawkabilly"
"Squawkabilly-Yellow";"0931_02";"Normal";"Flying";"Squawkabilly"
"Squawkabilly-White";"0931_03";"Normal";"Flying";"Squawkabilly"
"Nacli";"0932";"Rock";"Rock";"Nacli"
"Naclstack";"0933";"Rock";"Rock";"Naclstack"
"Garganacl";"0934";"Rock";"Rock";"Garganacl"
"Charcadet";"0935";"Fire";"Fire";"Charcadet"
"Armarouge";"0936";"Fire";"Psychic";"Armarouge"
"Ceruledge";"0937";"Fire";"Ghost";"Ceruledge"
"Tadbulb";"0938";"Electric";"Electric";"Tadbulb"
"Bellibolt";"0939";"Electric";"Electric";"Bellibolt"
"Wattrel";"0940";"Electric";"Flying";"Wattrel"
"Kilowattrel";"0941";"Electric";"Flying";"Kilowattrel"
"Maschiff";"0942";"Dark";"Dark";"Maschiff"
"Mabosstiff";"0943";"Dark";"Dark";"Mabosstiff"
"Shroodle";"0944";"Poison";"Normal";"Shroodle"
"Grafaiai";"0945";"Poison";"Normal";"Grafaiai"
"Bramblin";"0946";"Grass";"Ghost";"Bramblin"
"Brambleghast";"0947";"Grass";"Ghost";"Brambleghast"
"Toedscool";"0948";"Ground";"Grass";"Toedscool"
"Toedscruel";"0949";"Ground";"Grass";"Toedscruel"
"Klawf";"0950";"Rock";"Rock";"Klawf"
"Capsakid";"0951";"Grass";"Grass";"Capsakid"
"Scovillain";"0952";"Grass";"Fire";"Scovillain"
"Rellor";"0953";"Bug";"Bug";"Rellor"
"Rabsca";"0954";"Bug";"Psychic";"Rabsca"
"Flittle";"0955";"Psychic";"Psychic";"Flittle"
"Espathra";"0956";"Psychic";"Psychic";"Espathra"
"Tinkatink";"0957";"Fairy";"Steel";"Tinkatink"
"Tinkatuff";"0958";"Fairy";"Steel";"Tinkatuff"
"Tinkaton";"0959";"Fairy";"Steel";"Tinkaton"
"Wiglett";"0960";"Water";"Water";"Wiglett"
"Wugtrio";"0961";"Water";"Water";"Wugtrio"
"Bombirdier";"0962";"Flying";"Dark";"Bombirdier"
"Finizen";"0963";"Water";"Water";"Finizen"
"Palafin";"0964";"Water";"Water";"Palafin"
"Palafin-Hero";"0964_01";"Water";"Water";"Palafin"
"Varoom";"0965";"Steel";"Poison";"Varoom"
"Revavroom";"0966";"Steel";"Poison";"Revavroom"
"Cyclizar";"0967";"Dragon";"Normal";"Cyclizar"
"Orthworm";"0968";"Steel";"Steel";"Orthworm"
"Glimmet";"0969";"Rock";"Poison";"Glimmet"
"Glimmora";"0970";"Rock";"Poison";"Glimmora"
"Greavard";"0971";"Ghost";"Ghost";"Greavard"
"Houndstone";"0972";"Ghost";"Ghost";"Houndstone"
"Flamigo";"0973";"Flying";"Fighting";"Flamigo"
"Cetoddle";"0974";"Ice";"Ice";"Cetoddle"
"Cetitan";"0975";"Ice";"Ice";"Cetitan"
"Veluza";"0976";"Water";"Psychic";"Veluza"
"Dondozo";"0977";"Water";"Water";"Dondozo"
"Tatsugiri";"0978";"Dragon";"Water";"Tatsugiri-Curly"
"Tatsugiri-Droopy";"0978_01";"Dragon";"Water";"Tatsugiri-Droopy"
"Tatsugiri-Stretchy";"0978_02";"Dragon";"Water";"Tatsugiri-Stretchy"
"Annihilape";"0979";"Fighting";"Ghost";"Annihilape"
"Clodsire";"0980";"Poison";"Ground";"Clodsire"
"Farigiraf";"0981";"Normal";"Psychic";"Farigiraf"
"Dudunsparce";"0982";"Normal";"Normal";"Dudunsparce"
"Dudunsparce-Three-Segment";"0982_01";"Normal";"Normal";"Dudunsparce"
"Kingambit";"0983";"Dark";"Steel";"Kingambit"
"Great Tusk";"0984";"Ground";"Fighting";"Great Tusk"
"Scream Tail";"0985";"Fairy";"Psychic";"Scream Tail"
"Brute Bonnet";"0986";"Grass";"Dark";"Brute Bonnet"
"Flutter Mane";"0987";"Ghost";"Fairy";"Flutter Mane"
"Slither Wing";"0988";"Bug";"Fighting";"Slither Wing"
"Sandy Shocks";"0989";"Electric";"Ground";"Sandy Shocks"
"Iron Treads";"0990";"Ground";"Steel";"Iron Treads"
"Iron Bundle";"0991";"Ice";"Water";"Iron Bundle"
"Iron Hands";"0992";"Fighting";"Electric";"Iron Hands"
"Iron Jugulis";"0993";"Dark";"Flying";"Iron Jugulis"
"Iron Moth";"0994";"Fire";"Poison";"Iron Moth"
"Iron Thorns";"0995";"Rock";"Electric";"Iron Thorns"
"Frigibax";"0996";"Dragon";"Ice";"Frigibax"
"Arctibax";"0997";"Dragon";"Ice";"Arctibax"
"Baxcalibur";"0998";"Dragon";"Ice";"Baxcalibur"
"Gimmighoul";"0999";"Ghost";"Ghost";"Gimmighoul"
"Gimmighoul-Roaming";"0999_01";"Ghost";"Ghost";"Gimmighoul"
"Gholdengo";"1000";"Steel";"Ghost";"Gholdengo"
"Wo-Chien";"1001";"Dark";"Grass";"Wo-Chien"
"Chien-Pao";"1002";"Dark";"Ice";"Chien-Pao"
"Ting-Lu";"1003";"Dark";"Ground";"Ting-Lu"
"Chi-Yu";"1004";"Dark";"Fire";"Chi-Yu"
"Roaring Moon";"1005";"Dragon";"Dark";"Roaring Moon"
"Iron Valiant";"1006";"Fairy";"Fighting";"Iron Valiant"
"Koraidon";"1007";"Fighting";"Dragon";"Koraidon"
"Miraidon";"1008";"Electric";"Dragon";"Miraidon"
"Walking Wake";"1009";"Water";"Dragon";"Walking Wake"
"Iron Leaves";"1010";"Grass";"Psychic";"Iron Leaves"
"Dipplin";"1011";"Grass";"Dragon";"Dipplin"
"Poltchageist";"1012";"Grass";"Ghost";"Poltchageist"
"Sinistcha";"1013";"Grass";"Ghost";"Sinistcha"
"Sinistcha-Masterpiece";"1013";"Grass";"Ghost";"Sinistcha"
"Okidogi";"1014";"Poison";"Fighting";"Okidogi"
"Munkidori";"1015";"Poison";"Psychic";"Munkidori"
"Fezandipiti";"1016";"Poison";"Fairy";"Fezandipiti"
"Ogerpon";"1017";"Grass";"Grass";"Ogerpon"
"Ogerpon-Cornerstone";"1017-01";"Grass";"Grass";"Ogerpon-Cornerstone"
"Ogerpon-Hearthflame";"1017-02";"Grass";"Fire";"Ogerpon-Hearthflame"
"Ogerpon-Wellspring";"1017-03";"Grass";"Water";"Ogerpon-Wellspring"
"Archaludon";;;;"Archaludon"
"RagingBolt";;;;"RagingBolt"
"Iron Crown";;;;"Iron Crown"
"Terapagos";;;;"Terapagos"
